sample_id,frequency_hz,candidate,model_variant,lambda_reg,smooth_lambda,weight_mode,prior_id,node_index,x_m,y_m,z_m,normal_x,normal_y,normal_z,weight_m2,J_t1_real,J_t1_imag,J_t2_real,J_t2_imag,M_t1_real,M_t1_imag,M_t2_real,M_t2_imag,node_coeff_norm
L1_short_dipole_z_1p2G,1200000000.0,full_grid_162,huygens_em_minus,0.01,0.0,sqrt_area,level1_local_sphere_r0p35,0,0.0503864191289565,0.0,4.346354166666667,0.1439611975113045,0.0,0.9895833333333334,0.0160352125026979,-4.0027383389304056e-05,1.218155083188412e-05,0.00029790890571161253,-0.0009565805997544528,0.0023174110109588247,-0.0005988568987683894,-1.9075736594560997e-07,9.504368220285503e-07,0.0025951052117717237
L1_short_dipole_z_1p2G,1200000000.0,full_grid_162,huygens_em_minus,0.01,0.0,sqrt_area,level1_local_sphere_r0p35,1,-0.0640137315534261,0.0586418218198913,4.3390625,-0.1828963758669319,0.1675480623425468,0.96875,0.0160352125026979,-0.0003591376669226915,0.00044277257155454574,-0.00026042486431600807,0.0004525307005101843,-0.0017760391243442433,0.00039322345457317424,0.001585636576632649,-0.00039604142549298316,0.0025646957673516944
L1_short_dipole_z_1p2G,1200000000.0,full_grid_162,huygens_em_minus,0.01,0.0,sqrt_area,level1_local_sphere_r0p35,2,0.0097463467372366,-0.1110545941174119,4.331770833333334,0.0278467049635333,-0.3172988403354628,0.9479166666666666,0.0160352125026979,0.0005027484235601801,-3.922989999903248e-05,0.0001330132116506752,-6.453385709617932e-06,-0.00011211572152622186,-5.3920463007575014e-05,-0.0015832800336118829,0.0003951154859048536,0.0017176723746067221
L1_short_dipole_z_1p2G,1200000000.0,full_grid_162,huygens_em_minus,0.01,0.0,sqrt_area,level1_local_sphere_r0p35,3,0.079826785298584,0.1041199056290357,4.324479166666666,0.2280765294245257,0.2974854446543879,0.9270833333333334,0.0160352125026979,-0.00043286652875586403,-0.0003594284440485448,0.00032532775642389535,0.00032535046720768836,0.00016317562059727577,-0.00016308665134031556,0.0006880065532422323,-0.00020065689189432116,0.0010464669408500325
L1_short_dipole_z_1p2G,1200000000.0,full_grid_162,huygens_em_minus,0.01,0.0,sqrt_area,level1_local_sphere_r0p35,4,-0.1456979685085301,-0.0257719191415258,4.3171875,-0.416279910024372,-0.0736340546900738,0.90625,0.0160352125026979,2.0783237593769604e-05,0.00014716348594644846,-0.00041623621211737586,-0.000829205104189733,0.0003731273100337627,6.448184325076795e-05,-0.00017930031415287537,1.100211879229466e-06,0.0010288121472729918
L1_short_dipole_z_1p2G,1200000000.0,full_grid_162,huygens_em_minus,0.01,0.0,sqrt_area,level1_local_sphere_r0p35,5,0.1372615669808204,-0.0873145733117251,4.309895833333333,0.392175905659487,-0.2494702094620719,0.8854166666666666,0.0160352125026979,-2.8175194095672196e-05,3.43419437280321e-05,-0.00038232860126222965,-0.0009549863397355833,0.000604480255280109,3.532591098977028e-05,0.00013128100323618554,2.7916805205896136e-05,0.0012020006771713625
L1_short_dipole_z_1p2G,1200000000.0,full_grid_162,huygens_em_minus,0.01,0.0,sqrt_area,level1_local_sphere_r0p35,6,-0.0456569496532209,0.1698415769602233,4.302604166666667,-0.1304484275806313,0.485261648457781,0.8645833333333334,0.0160352125026979,2.026455570289598e-05,0.00012059926363968163,-0.0002638119653601153,-0.0009813048719630633,0.001198595198552857,-7.378449438556257e-05,0.00028919874586728466,3.260007897649866e-05,0.0016044575783672375
L1_short_dipole_z_1p2G,1200000000.0,full_grid_162,huygens_em_minus,0.01,0.0,sqrt_area,level1_local_sphere_r0p35,7,-0.0865849481679659,-0.1667140488816123,4.2953125,-0.2473855661941884,-0.4763258539474639,0.84375,0.0160352125026979,5.0661643023737984e-05,-8.635317886550038e-06,-0.00012037676716249069,-0.0007973154019631988,0.0014528535409120405,-0.00016574031688791169,0.00013630207683757882,1.5929634795794058e-05,0.0016762842421459494
L1_short_dipole_z_1p2G,1200000000.0,full_grid_162,huygens_em_minus,0.01,0.0,sqrt_area,level1_local_sphere_r0p35,8,0.1867903625865198,0.0682155408302879,4.288020833333333,0.5336867502471996,0.194901545229394,0.8229166666666666,0.0160352125026979,7.355634166812772e-05,1.457017314449011e-05,-9.709514498048346e-05,-0.0006258913370036932,0.0012106383386652681,-0.00024697185515594293,-2.484419150750359e-05,-2.3302830030341173e-05,0.001390895682028154
L1_short_dipole_z_1p2G,1200000000.0,full_grid_162,huygens_em_minus,0.01,0.0,sqrt_area,level1_local_sphere_r0p35,9,-0.1932106319572427,0.0797545401925291,4.280729166666666,-0.5520303770206937,0.2278701148357977,0.8020833333333334,0.0160352125026979,4.083235703481017e-05,-3.7742455359485747e-05,-3.86776017488879e-05,-0.0003076870741275081,0.0011028993749602157,-0.00021359769509012881,-0.00016644512057901616,-3.8072920234552944e-05,0.0011791622444918143
L1_short_dipole_z_1p2G,1200000000.0,full_grid_162,huygens_em_minus,0.01,0.0,sqrt_area,level1_local_sphere_r0p35,10,0.0926003435021562,-0.1978815554240279,4.2734375,0.2645724100061607,-0.5653758726400799,0.78125,0.0160352125026979,5.856521456797494e-06,-0.00014492802000757237,5.434539845515285e-06,-0.00017453750770592933,0.0010981628526515992,-0.0003427879016815451,-0.00024207726016041724,-2.56028660897861e-05,0.0011976031933692978
L1_short_dipole_z_1p2G,1200000000.0,full_grid_162,huygens_em_minus,0.01,0.0,sqrt_area,level1_local_sphere_r0p35,11,0.0680279501190859,0.2168838246663423,4.266145833333333,0.1943655717688171,0.6196680704752637,0.7604166666666666,0.0160352125026979,-3.980551295486935e-05,-6.658939582369612e-05,3.2762262388747e-05,4.950232488920559e-05,0.00107392649394233,-0.00041855477852412236,-9.400022926352961e-05,-1.8930924742875573e-05,0.0011607080220856103
L1_short_dipole_z_1p2G,1200000000.0,full_grid_162,huygens_em_minus,0.01,0.0,sqrt_area,level1_local_sphere_r0p35,12,-0.2038201837493183,-0.1181179626293126,4.258854166666667,-0.5823433821409094,-0.3374798932266075,0.7395833333333333,0.0160352125026979,-5.8754659952851075e-05,-3.0162415234693553e-06,4.5008873846899165e-05,0.0003279025358181139,0.0007945936227799276,-0.00047488799841103083,1.3412342054211994e-05,-3.8624357386771125e-06,0.0009849363051622163
L1_short_dipole_z_1p2G,1200000000.0,full_grid_162,huygens_em_minus,0.01,0.0,sqrt_area,level1_local_sphere_r0p35,13,0.2376682020157024,-0.0522506875014409,4.2515625,0.6790520057591499,-0.1492876785755457,0.71875,0.0160352125026979,-5.703326854080218e-05,-1.1086773171195221e-05,2.4626259835643627e-05,0.000343432913658646,0.0006230535593639484,-0.0006060084069527507,3.1529473187098285e-05,3.1709744823723955e-05,0.0009377472323857288
L1_short_dipole_z_1p2G,1200000000.0,full_grid_162,huygens_em_minus,0.01,0.0,sqrt_area,level1_local_sphere_r0p35,14,-0.1441634620718813,0.2050576898974727,4.244270833333333,-0.4118956059196609,0.5858791139927794,0.6979166666666667,0.0160352125026979,-7.048098201566756e-05,-5.9431567363520376e-05,8.063281356737449e-06,0.0005375082483730889,0.0003177514611031653,-0.0005904361248110146,0.0001100883028731319,5.864202110013719e-05,0.0008732805638417481
L1_short_dipole_z_1p2G,1200000000.0,full_grid_162,huygens_em_minus,0.01,0.0,sqrt_area,level1_local_sphere_r0p35,15,-0.0331001415477442,-0.2554315078362329,4.236979166666667,-0.0945718329935548,-0.7298043081035227,0.6770833333333333,0.0160352125026979,-1.611276274289533e-05,4.2175269423538243e-05,3.2537718529185604e-05,0.0006405182640391089,0.00019756434278429542,-0.0005534448132331639,3.8708112164052835e-05,1.6343442019507093e-05,0.0008720429926601939
L1_short_dipole_z_1p2G,1200000000.0,full_grid_162,huygens_em_minus,0.01,0.0,sqrt_area,level1_local_sphere_r0p35,16,0.201936333078244,0.1701921553029471,4.2296875,0.5769609516521259,0.4862633008655632,0.65625,0.0160352125026979,-3.419250143305984e-05,0.0001101754735723549,7.028234954576214e-05,0.000624971859428564,0.00026051691471632696,-0.0005071911483744692,0.0001458457146948069,1.5187692848450598e-05,0.0008691667033532961
L1_short_dipole_z_1p2G,1200000000.0,full_grid_162,huygens_em_minus,0.01,0.0,sqrt_area,level1_local_sphere_r0p35,17,-0.2700285206946736,0.0111665270974643,4.222395833333334,-0.771510059127639,0.0319043631356124,0.6354166666666667,0.0160352125026979,-9.019652685437357e-06,0.0001330570075770324,5.0715094142934745e-05,0.0006062024111247332,0.00014444256467719018,-0.00047353580623927686,0.00012043621101727938,1.2592906075578028e-07,0.0008046388112009142
L1_short_dipole_z_1p2G,1200000000.0,full_grid_162,huygens_em_minus,0.01,0.0,sqrt_area,level1_local_sphere_r0p35,18,0.1957065015708259,-0.1947541083662863,4.215104166666666,0.5591614330595027,-0.5564403096179611,0.6145833333333333,0.0160352125026979,4.6627583943651286e-05,0.00012816576085921075,9.922974514884007e-05,0.0005782551246624189,0.00023813709971920785,-0.0004171634901651934,1.7067818180627095e-06,5.464898916389161e-06,0.0007704502316019629
L1_short_dipole_z_1p2G,1200000000.0,full_grid_162,huygens_em_minus,0.01,0.0,sqrt_area,level1_local_sphere_r0p35,19,-0.013008774560067,0.2813267435353335,4.2078125,-0.0371679273144774,0.8037906958152388,0.59375,0.0160352125026979,7.56950722448307e-05,-5.090526426985612e-05,0.00010854848088535587,0.0005668643913328824,0.0001430273010097671,-0.0003480090068100314,-8.930443699617916e-05,8.95256434701414e-06,0.0007007578820726076
L1_short_dipole_z_1p2G,1200000000.0,full_grid_162,huygens_em_minus,0.01,0.0,sqrt_area,level1_local_sphere_r0p35,20,-0.1837968805377429,-0.220250089906679,4.200520833333333,-0.5251339443935512,-0.6292859711619402,0.5729166666666667,0.0160352125026979,7.204899832644287e-05,-5.75167097464654e-05,0.00011263104208788147,0.0004798094005944287,3.599736589433904e-05,-0.00027674123703401275,-0.0001092606788109002,-2.0548340939087326e-05,0.0005845029473634023
L1_short_dipole_z_1p2G,1200000000.0,full_grid_162,huygens_em_minus,0.01,0.0,sqrt_area,level1_local_sphere_r0p35,21,0.2892199495787451,0.0389141351564401,4.193229166666667,0.8263427130821289,0.1111832433041146,0.5520833333333333,0.0160352125026979,5.4276848277239054e-05,-3.7540727595643196e-05,0.00019265381831923034,0.0003624406529116828,0.00015107807429462383,-0.00015816332818993718,-5.908635881579733e-05,-2.0378485561437453e-05,0.0004738994687398617
L1_short_dipole_z_1p2G,1200000000.0,full_grid_162,huygens_em_minus,0.01,0.0,sqrt_area,level1_local_sphere_r0p35,22,-0.2434052543196174,0.1693550361322399,4.1859375,-0.6954435837703357,0.4838715318063999,0.53125,0.0160352125026979,3.660183288556161e-05,-6.515438455247167e-05,0.0002019065165765314,0.0002263370601614809,7.777292562625305e-05,-9.425341842950533e-05,-5.106637725695265e-05,-3.834625984846707e-05,0.0003414528365854274
L1_short_dipole_z_1p2G,1200000000.0,full_grid_162,huygens_em_minus,0.01,0.0,sqrt_area,level1_local_sphere_r0p35,23,0.0660583014144804,-0.2936357727642742,4.178645833333333,0.1887380040413726,-0.8389593507550694,0.5104166666666667,0.0160352125026979,1.732612634492423e-05,7.701924900543455e-05,0.00023352135858476517,0.00024240467642561573,4.729425907975973e-05,1.0568481304909852e-05,-3.43795502278847e-05,-7.86770250741801e-05,0.0003595064379495224
L1_short_dipole_z_1p2G,1200000000.0,full_grid_162,huygens_em_minus,0.01,0.0,sqrt_area,level1_local_sphere_r0p35,24,0.1517320356388523,0.2647926338228884,4.171354166666666,0.4335201018252923,0.7565503823511098,0.4895833333333333,0.0160352125026979,-6.409087730416003e-06,-2.6170196490891322e-05,0.00026221088830709577,0.0002340918286763875,-3.5321892597048326e-05,0.00014735815085493634,1.0962810332715745e-05,-3.0470213403677296e-05,0.0003850846239789896
L1_short_dipole_z_1p2G,1200000000.0,full_grid_162,huygens_em_minus,0.01,0.0,sqrt_area,level1_local_sphere_r0p35,25,-0.2945400310937079,-0.0939663034128062,4.1640625,-0.8415429459820226,-0.2684751526080179,0.46875,0.0160352125026979,-2.6889984464822914e-05,-6.713823383229706e-05,0.00028721025136378177,0.00015731723782641795,-2.3756467194259036e-05,0.00027471585235612755,5.434914205027213e-05,4.5754778512448364e-07,0.00043755715440762816
L1_short_dipole_z_1p2G,1200000000.0,full_grid_162,huygens_em_minus,0.01,0.0,sqrt_area,level1_local_sphere_r0p35,26,0.2840717736703947,-0.1312483646363954,4.156770833333333,0.8116336390582708,-0.3749953275325585,0.4479166666666666,0.0160352125026979,-1.607219689940732e-05,-4.0300452411481355e-05,0.00033247201601493883,0.00019986725212117526,-9.451215512579094e-06,0.00041931246992776497,-4.288532927617577e-06,7.4355646663872964e-06,0.0005730209018259437
L1_short_dipole_z_1p2G,1200000000.0,full_grid_162,huygens_em_minus,0.01,0.0,sqrt_area,level1_local_sphere_r0p35,27,-0.1221784084131341,0.2919390608505005,4.149479166666667,-0.3490811668946689,0.8341116024300016,0.4270833333333333,0.0160352125026979,3.789101652733825e-05,-8.335473779858151e-05,0.00035878588330871656,0.00011857516952816455,1.1731551072734537e-05,0.0005475378621769487,-8.11117957533725e-05,1.0695513867774617e-05,0.0006766091778658506
L1_short_dipole_z_1p2G,1200000000.0,full_grid_162,huygens_em_minus,0.01,0.0,sqrt_area,level1_local_sphere_r0p35,28,-0.1082426875547271,-0.300942246011888,4.1421875,-0.3092648215849346,-0.8598349886053943,0.40625,0.0160352125026979,-6.251676923793879e-06,-2.122448953317078e-05,0.0003409857700166184,5.9964176728400384e-05,5.748999955128459e-06,0.0006055461932400969,1.0721944281536313e-05,4.478083594692116e-06,0.000698004883030741
L1_short_dipole_z_1p2G,1200000000.0,full_grid_162,huygens_em_minus,0.01,0.0,sqrt_area,level1_local_sphere_r0p35,29,0.2858807156757857,0.1502508920239945,4.134895833333333,0.8168020447879594,0.4292882629256988,0.3854166666666666,0.0160352125026979,-1.7506419852246534e-05,-7.024955012518145e-05,0.00030299751433132037,9.42073617988432e-05,-7.396448925295752e-05,0.0006467863488535169,3.831063369854679e-05,4.465867641445402e-05,0.0007301982083681661
L1_short_dipole_z_1p2G,1200000000.0,full_grid_162,huygens_em_minus,0.01,0.0,sqrt_area,level1_local_sphere_r0p35,30,-0.3151449697235152,0.0830712026352708,4.127604166666667,-0.9004141992100434,0.2373462932436309,0.3645833333333333,0.0160352125026979,-3.566326227780496e-05,-4.597414220708498e-05,0.00027396555936931837,5.490406645893497e-05,-5.1856471212680284e-05,0.0006679469155745415,6.534716944860101e-05,6.399664534785233e-05,0.0007339380580574505
L1_short_dipole_z_1p2G,1200000000.0,full_grid_162,huygens_em_minus,0.01,0.0,sqrt_area,level1_local_sphere_r0p35,31,0.1777579074712884,-0.2764543880555685,4.1203125,0.5078797356322526,-0.7898696801587672,0.34375,0.0160352125026979,-9.398922238241581e-05,3.496516763145475e-05,0.00023258483140053878,6.0116410599031655e-05,-0.00012818366151804884,0.0006436609728657922,9.514802745784274e-05,3.652275106876728e-05,0.0007133609051790942
L1_short_dipole_z_1p2G,1200000000.0,full_grid_162,huygens_em_minus,0.01,0.0,sqrt_area,level1_local_sphere_r0p35,32,0.0561057877890686,0.3264635229381789,4.113020833333334,0.1603022508259104,0.9327529226805114,0.3229166666666666,0.0160352125026979,-4.727124111044819e-05,7.451125397436414e-05,0.00022593410583901584,-4.130449992565755e-06,-0.00018237500514884514,0.0006453936041432624,6.865920472841011e-06,1.932966006131331e-05,0.0007134872818750645
L1_short_dipole_z_1p2G,1200000000.0,full_grid_162,huygens_em_minus,0.01,0.0,sqrt_area,level1_local_sphere_r0p35,33,-0.2637902621708605,-0.2042940060300371,4.105729166666666,-0.7536864633453159,-0.5836971600858205,0.3020833333333333,0.0160352125026979,-3.368549702665165e-05,6.720495599962689e-05,0.00019059969407952683,-3.333188826380932e-05,-0.00017830090055271597,0.0006391442115978446,7.858999732901706e-06,1.9647599760734183e-05,0.0006955823483883014
L1_short_dipole_z_1p2G,1200000000.0,full_grid_162,huygens_em_minus,0.01,0.0,sqrt_area,level1_local_sphere_r0p35,34,0.334725310016605,-0.0277313077231783,4.0984375,0.9563580286188716,-0.0792323077805096,0.28125,0.0160352125026979,-2.5486961729340066e-05,5.2059056431401975e-05,0.00011560843478913306,-2.789897383890636e-06,-0.0002577197760559041,0.0005923052837544541,-1.5050621244201657e-05,-1.779832230875886e-06,0.0006589442658016555
L1_short_dipole_z_1p2G,1200000000.0,full_grid_162,huygens_em_minus,0.01,0.0,sqrt_area,level1_local_sphere_r0p35,35,-0.2294770154392229,0.2480579296274941,4.091145833333333,-0.6556486155406371,0.7087369417928404,0.2604166666666666,0.0160352125026979,1.6712247896770764e-05,7.207913923576345e-05,7.38673786941493e-05,-7.087743430264203e-06,-0.00022222364242897792,0.0006140659714676019,-5.424212119996234e-05,-2.779949486484742e-05,0.0006641962898727106
L1_short_dipole_z_1p2G,1200000000.0,full_grid_162,huygens_em_minus,0.01,0.0,sqrt_area,level1_local_sphere_r0p35,36,0.001657670441763,-0.3398024880152371,4.083854166666667,0.0047362012621802,-0.970864251472106,0.2395833333333333,0.0160352125026979,-1.838995990073361e-05,4.0571159003559236e-05,4.82117759335408e-05,-5.0138724606524326e-05,-0.00020942940089400817,0.0005865404685810915,1.932861658253358e-05,-1.2443547051476278e-05,0.0006286822004289958
L1_short_dipole_z_1p2G,1200000000.0,full_grid_162,huygens_em_minus,0.01,0.0,sqrt_area,level1_local_sphere_r0p35,37,0.2294644582705623,0.2529510742897672,4.0765625,0.6556127379158925,0.7227173551136206,0.21875,0.0160352125026979,1.8222201642196405e-05,1.329959209402242e-06,2.648980011287939e-05,-0.00010169146682263683,-0.00023075512872142617,0.0005103420858485118,-3.292053342817574e-05,-6.634586068876553e-06,0.000571140468389082
L1_short_dipole_z_1p2G,1200000000.0,full_grid_162,huygens_em_minus,0.01,0.0,sqrt_area,level1_local_sphere_r0p35,38,-0.3416125868071022,-0.0316605777626623,4.069270833333333,-0.9760359623060064,-0.0904587936076065,0.1979166666666666,0.0160352125026979,4.227314274090927e-05,-4.9138187268048646e-05,-2.4194715102394403e-05,-8.371562168443204e-05,-0.00020924719668120395,0.0004529327311592469,-2.625575707539242e-05,1.6744465407801125e-05,0.0005115637396979894
L1_short_dipole_z_1p2G,1200000000.0,full_grid_162,huygens_em_minus,0.01,0.0,sqrt_area,level1_local_sphere_r0p35,39,0.2743896769967368,-0.2082519821200557,4.061979166666666,0.7839705057049624,-0.5950056632001591,0.1770833333333333,0.0160352125026979,1.1848314374614007e-05,-5.8272330308647974e-05,-6.111276516706981e-05,-0.00013393589302488336,-0.0002497271589476571,0.00037329907448233957,1.9674241559115987e-05,2.1498632574419525e-05,0.00047725754100778157
L1_short_dipole_z_1p2G,1200000000.0,full_grid_162,huygens_em_minus,0.01,0.0,sqrt_area,level1_local_sphere_r0p35,40,-0.0618748285048364,0.3401187776957441,4.0546875,-0.1767852242995326,0.9717679362735548,0.15625,0.0160352125026979,1.6266189761769716e-05,2.6310167622464178e-05,-8.492417263987158e-05,-0.00014972252320541432,-0.00023024890895008743,0.000366713048411883,4.207350592569352e-06,-1.4947205150646916e-05,0.00046724715471826756
L1_short_dipole_z_1p2G,1200000000.0,full_grid_162,huygens_em_minus,0.01,0.0,sqrt_area,level1_local_sphere_r0p35,41,-0.1846948687969357,-0.2934986208191131,4.047395833333334,-0.5276996251341022,-0.8385674880546091,0.1354166666666666,0.0160352125026979,1.0369776961067798e-05,1.3006950120389161e-05,-0.00011476554972202367,-0.00014623091769263395,-0.00017295944477645642,0.00038486108651657663,1.355706670197636e-06,-1.2033812082402095e-05,0.00046153114926708344
L1_short_dipole_z_1p2G,1200000000.0,full_grid_162,huygens_em_minus,0.01,0.0,sqrt_area,level1_local_sphere_r0p35,42,0.3353297609074893,0.0918999851234932,4.040104166666667,0.9580850311642553,0.2625713860671235,0.1145833333333333,0.0160352125026979,2.3638653554326102e-05,-2.5215436205343962e-06,-0.00012731358472870382,-0.00018663066777655245,-0.00017784335187553558,0.0002871959661367142,-3.669091275972482e-05,-2.7387857580516177e-05,0.00040964740659353024
L1_short_dipole_z_1p2G,1200000000.0,full_grid_162,huygens_em_minus,0.01,0.0,sqrt_area,level1_local_sphere_r0p35,43,-0.3100187715952942,0.1590965150538966,4.0328125,-0.8857679188436979,0.4545614715825619,0.09375,0.0160352125026979,3.2749008891947855e-05,9.262058583190118e-06,-0.00015738422401916216,-0.000145717871580533,-0.00013397151688922208,0.00029684465378910065,-1.9994886967641463e-05,-3.911118362405448e-05,0.00039389893550347563
L1_short_dipole_z_1p2G,1200000000.0,full_grid_162,huygens_em_minus,0.01,0.0,sqrt_area,level1_local_sphere_r0p35,44,0.1213420164482935,-0.3272992546741197,4.025520833333333,0.346691475566553,-0.935140727640342,0.0729166666666666,0.0160352125026979,2.5403131423298053e-05,-4.170409849363555e-05,-0.00010939178784169906,-0.00020443922712918547,-9.143474719888602e-05,0.00029259646448652254,2.068527034248399e-05,-8.162689726856962e-06,0.0003880902288021612
L1_short_dipole_z_1p2G,1200000000.0,full_grid_162,huygens_em_minus,0.01,0.0,sqrt_area,level1_local_sphere_r0p35,45,0.1317858186592982,0.3237285830490373,4.018229166666667,0.3765309104551378,0.9249388087115352,0.0520833333333333,0.0160352125026979,-2.900479524647518e-06,9.944071836985482e-06,-5.319736619150236e-05,-0.0002495402210450447,-3.45173083201509e-05,0.00027930590204293973,2.4471072482030933e-05,-1.8730707356178533e-05,0.00038126169924510754
L1_short_dipole_z_1p2G,1200000000.0,full_grid_162,huygens_em_minus,0.01,0.0,sqrt_area,level1_local_sphere_r0p35,46,-0.3161250788917144,-0.1498175743678203,4.0109375,-0.903214511119184,-0.4280502124794866,0.03125,0.0160352125026979,-8.930838884576819e-06,9.156687007698253e-06,-5.2520866753049615e-05,-0.00025318811369608445,1.3450203503835963e-05,0.000258654990399039,-6.804686784962625e-06,-8.793967456766387e-06,0.00036637851577310846
L1_short_dipole_z_1p2G,1200000000.0,full_grid_162,huygens_em_minus,0.01,0.0,sqrt_area,level1_local_sphere_r0p35,47,0.3344463184169463,-0.1031133744800164,4.003645833333334,0.9555609097627036,-0.2946096413714757,0.0104166666666666,0.0160352125026979,-1.251671395919809e-05,-3.9825853087895985e-06,-2.7504435886859497e-05,-0.00032328568290165247,1.0697767818294313e-05,0.00016491824820346143,-8.047347981613427e-06,-9.114226421134955e-06,0.00036455857641304486
L1_short_dipole_z_1p2G,1200000000.0,full_grid_162,huygens_em_minus,0.01,0.0,sqrt_area,level1_local_sphere_r0p35,48,-0.1769582229187195,0.3019478352973479,3.9963541666666655,-0.5055949226249129,0.8627081008495655,-0.0104166666666667,0.0160352125026979,-3.446503097783053e-05,4.0723842270811415e-05,-5.102931113046107e-05,-0.0002856927942414907,3.3095995709721726e-05,0.00013826850253347058,2.5336687253791327e-05,-1.906690830425597e-05,0.0003290739299970548
L1_short_dipole_z_1p2G,1200000000.0,full_grid_162,huygens_em_minus,0.01,0.0,sqrt_area,level1_local_sphere_r0p35,49,-0.0734474433527284,-0.3420319344135832,3.9890625,-0.2098498381506528,-0.9772340983245236,-0.03125,0.0160352125026979,1.979822938403907e-06,-4.29344516497027e-06,-3.7625728645103855e-05,-0.0002604438732565714,6.049118012521138e-05,0.00015043237578172837,6.1274004720589476e-06,-5.9939340426254796e-06,0.0003092436172038807
L1_short_dipole_z_1p2G,1200000000.0,full_grid_162,huygens_em_minus,0.01,0.0,sqrt_area,level1_local_sphere_r0p35,50,0.2849491942343586,0.2024145602169682,3.9817708333333335,0.8141405549553103,0.5783273149056236,-0.0520833333333332,0.0160352125026979,1.3537046810383467e-06,8.017252248894849e-06,1.7313178381353527e-05,-0.0002752893533852556,6.8923911992641e-05,0.00010232311490007814,-1.852551175197774e-05,-2.6002168128744447e-05,0.0003039570954973985
L1_short_dipole_z_1p2G,1200000000.0,full_grid_162,huygens_em_minus,0.01,0.0,sqrt_area,level1_local_sphere_r0p35,51,-0.3463885972275937,0.0431697437642618,3.974479166666667,-0.9896817063645535,0.123342125040748,-0.0729166666666667,0.0160352125026979,1.539687984963492e-05,4.259635221068997e-06,-9.559377704525121e-06,-0.0002338793103514051,4.222983719918158e-05,9.947961004705584e-05,-1.6061073168321168e-05,-1.4138433362602469e-05,0.0002591978534789937
L1_short_dipole_z_1p2G,1200000000.0,full_grid_162,huygens_em_minus,0.01,0.0,sqrt_area,level1_local_sphere_r0p35,52,0.2258601789585697,-0.2653498057367912,3.9671875,0.6453147970244851,-0.7581423021051177,-0.09375,0.0160352125026979,5.958715629330886e-05,-5.701978490372733e-05,4.893064743441051e-05,-0.0002789634634372985,4.4291002479009904e-05,7.431006590531537e-05,-1.7536577808040336e-05,2.0930816066634168e-05,0.000308619533851561
L1_short_dipole_z_1p2G,1200000000.0,full_grid_162,huygens_em_minus,0.01,0.0,sqrt_area,level1_local_sphere_r0p35,53,0.0126711182460982,0.3474638090195375,3.959895833333333,0.0362031949888521,0.9927537400558214,-0.1145833333333332,0.0160352125026979,1.2760924361410718e-05,-2.419878697615754e-05,8.033210815762998e-05,-0.0002560843348279609,7.230761662147907e-05,5.666804303109725e-05,3.2579225940676244e-05,4.989798456225673e-05,0.0002911558516941148
L1_short_dipole_z_1p2G,1200000000.0,full_grid_162,huygens_em_minus,0.01,0.0,sqrt_area,level1_local_sphere_r0p35,54,-0.2434068601540782,-0.2469954157723819,3.9526041666666663,-0.6954481718687952,-0.7057011879210914,-0.1354166666666667,0.0160352125026979,7.74553103318089e-06,-8.745694508704295e-06,7.63039457848764e-05,-0.00020135403879076893,6.356227361689468e-05,5.236863658188577e-05,1.126305852357025e-05,4.8497368897773975e-05,0.00023614340876939194
L1_short_dipole_z_1p2G,1200000000.0,full_grid_162,huygens_em_minus,0.01,0.0,sqrt_area,level1_local_sphere_r0p35,55,0.3452501317552451,0.0176528713453607,3.9453125,0.986428947872129,0.0504367752724591,-0.15625,0.0160352125026979,-2.9164202572720135e-06,1.1079976415629279e-05,0.0001182636586256873,-0.00021403023063151783,5.632785461874546e-05,-1.2129379990315139e-05,3.252504855266891e-06,1.9664654573861443e-05,0.0002522770906214921
L1_short_dipole_z_1p2G,1200000000.0,full_grid_162,huygens_em_minus,0.01,0.0,sqrt_area,level1_local_sphere_r0p35,56,-0.2655508438291286,0.2194113311589519,3.938020833333333,-0.7587166966546532,0.6268895175970057,-0.1770833333333332,0.0160352125026979,-4.45407083739446e-05,2.4533207719583996e-05,6.591012820770529e-05,-0.0001617136183811581,3.588474881933203e-05,-2.5015753684931444e-05,2.8044338656979742e-05,4.336159796245644e-05,0.00019406547501440023
L1_short_dipole_z_1p2G,1200000000.0,full_grid_162,huygens_em_minus,0.01,0.0,sqrt_area,level1_local_sphere_r0p35,57,0.0474063627720004,-0.3397855035430956,3.9307291666666666,0.1354467507771442,-0.9708157244088448,-0.1979166666666667,0.0160352125026979,6.8878040639731625e-06,-1.649049084536823e-05,7.937116872674347e-05,-0.00015786299516984978,4.6417099382794244e-05,-2.634192479457806e-05,-2.5145970238642863e-05,4.177203787017952e-05,0.0001917434559150739
L1_short_dipole_z_1p2G,1200000000.0,full_grid_162,huygens_em_minus,0.01,0.0,sqrt_area,level1_local_sphere_r0p35,58,0.1936849420940686,0.2812904669550095,3.9234375,0.5533855488401961,0.8036870484428843,-0.21875,0.0160352125026979,-4.096611490402657e-05,-5.096956673801382e-07,9.638508883249444e-05,-0.00013931804648610922,8.246145509621655e-05,-3.7400919580165685e-05,-9.41817000293737e-06,1.6497431605274864e-05,0.00019732631178775702
L1_short_dipole_z_1p2G,1200000000.0,full_grid_162,huygens_em_minus,0.01,0.0,sqrt_area,level1_local_sphere_r0p35,59,-0.3311531513112876,-0.0761975662947467,3.916145833333333,-0.9461518608893932,-0.217707332270705,-0.2395833333333332,0.0160352125026979,-4.309375536659931e-05,1.0851952444637246e-05,7.776560218504746e-05,-9.915524546799936e-05,3.7349901094716636e-05,-5.4556922856106675e-05,-2.131054343619143e-05,-3.577007572139033e-05,0.00015478759230781817
L1_short_dipole_z_1p2G,1200000000.0,full_grid_162,huygens_em_minus,0.01,0.0,sqrt_area,level1_local_sphere_r0p35,60,0.2940145771073286,-0.1665769057053555,3.9088541666666665,0.840041648878082,-0.4759340163010159,-0.2604166666666667,0.0160352125026979,1.352492293755253e-05,-7.415707872015544e-06,0.00011651886590233945,-0.00011009409844234224,6.614723091781722e-05,-0.00010321029552463923,-1.67034484604268e-05,-2.70403203504676e-05,0.0002048738105815718
L1_short_dipole_z_1p2G,1200000000.0,full_grid_162,huygens_em_minus,0.01,0.0,sqrt_area,level1_local_sphere_r0p35,61,-0.1036430267081908,0.3194811130701081,3.9015625,-0.2961229334519739,0.912803180200309,-0.28125,0.0160352125026979,-3.4903352981095634e-05,-2.0700947842258093e-05,8.18875773351364e-05,-7.155152801685734e-05,7.77576540409176e-05,-0.00013523496286585427,2.6187938971277195e-05,3.43722956753284e-05,0.0001991832838746451
L1_short_dipole_z_1p2G,1200000000.0,full_grid_162,huygens_em_minus,0.01,0.0,sqrt_area,level1_local_sphere_r0p35,62,-0.1384604981054998,-0.303562240373122,3.8942708333333336,-0.3956014231585709,-0.8673206867803487,-0.3020833333333332,0.0160352125026979,5.433465447498764e-06,-6.2170868333230416e-06,2.697118149959218e-05,-3.9803564810774856e-05,7.786911227558086e-05,-0.0001500638732119024,-8.89467209325182e-06,8.252782916805905e-06,0.00017638007661313415
L1_short_dipole_z_1p2G,1200000000.0,full_grid_162,huygens_em_minus,0.01,0.0,sqrt_area,level1_local_sphere_r0p35,63,0.3049413936933397,0.1293717034169468,3.8869791666666655,0.8712611248381136,0.3696334383341337,-0.3229166666666667,0.0160352125026979,-1.4142996380502872e-05,1.0416978331986932e-05,2.345915751124876e-05,-4.3143750996095054e-05,0.00010641828643633897,-0.00015845620209661783,9.86675666898515e-06,-1.631014562901339e-05,0.00019878844663076903
L1_short_dipole_z_1p2G,1200000000.0,full_grid_162,huygens_em_minus,0.01,0.0,sqrt_area,level1_local_sphere_r0p35,64,-0.3098133794420328,0.1097295414300861,3.8796875,-0.8851810841200938,0.3135129755145318,-0.34375,0.0160352125026979,-2.220189751473711e-05,1.1657987394757036e-05,-1.9363444569787448e-05,-5.80604618161996e-05,9.350310476003364e-05,-0.00019567626179110232,8.907648828738974e-06,-3.326116335850758e-05,0.0002293304915600891
L1_short_dipole_z_1p2G,1200000000.0,full_grid_162,huygens_em_minus,0.01,0.0,sqrt_area,level1_local_sphere_r0p35,65,0.1530287880701711,-0.2877487909115869,3.8723958333333335,0.4372251087719175,-0.8221394026045342,-0.3645833333333332,0.0160352125026979,6.55911753578538e-05,1.4379419521679947e-05,-5.266070533508342e-06,-7.01254721251368e-05,0.00012543583191921258,-0.0002116363882807223,-2.943447591460841e-05,-4.647867255170343e-05,0.000270194462338798
L1_short_dipole_z_1p2G,1200000000.0,full_grid_162,huygens_em_minus,0.01,0.0,sqrt_area,level1_local_sphere_r0p35,66,0.0807948878943208,0.3126904223660355,3.865104166666667,0.2308425368409166,0.8934012067601015,-0.3854166666666667,0.0160352125026979,3.184524561076898e-05,-1.8682844999600668e-05,-4.547697041433783e-05,-6.20726683937313e-05,0.0001767795976167683,-0.00019848396066737413,6.844629735825868e-06,-3.6948858082220295e-06,0.0002792700293228484
L1_short_dipole_z_1p2G,1200000000.0,full_grid_162,huygens_em_minus,0.01,0.0,sqrt_area,level1_local_sphere_r0p35,67,-0.2681594442723184,-0.1742791648227388,3.8578125,-0.7661698407780526,-0.4979404709221109,-0.40625,0.0160352125026979,2.190733201736574e-05,5.084240744225913e-06,-9.707248175719384e-05,-5.656973198229833e-05,0.00017404148543656543,-0.00022036863449731656,1.5449066731503414e-05,-2.7634813402377043e-05,0.0003049329635984783
L1_short_dipole_z_1p2G,1200000000.0,full_grid_162,huygens_em_minus,0.01,0.0,sqrt_area,level1_local_sphere_r0p35,68,0.3121594875883889,-0.0520810238109174,3.850520833333333,0.8918842502525398,-0.1488029251740499,-0.4270833333333332,0.0160352125026979,1.052592470553919e-05,1.7954726351441245e-05,-7.864079798621356e-05,-4.686374263842805e-05,0.00021945763806578426,-0.00017524547675599968,1.0429650052087874e-05,-3.086601324499489e-06,0.00029631856085646555
L1_short_dipole_z_1p2G,1200000000.0,full_grid_162,huygens_em_minus,0.01,0.0,sqrt_area,level1_local_sphere_r0p35,69,-0.1928103952966267,0.2464691812002684,3.8432291666666663,-0.5508868437046478,0.7041976605721955,-0.4479166666666667,0.0160352125026979,-3.0369156128582312e-05,-2.4880760655900428e-05,-0.0001122274307285114,-7.335167136783659e-05,0.00023797965218997253,-0.00019547179376314564,-1.6382840679094813e-06,3.797445926461984e-05,0.0003403014580334998
L1_short_dipole_z_1p2G,1200000000.0,full_grid_162,huygens_em_minus,0.01,0.0,sqrt_area,level1_local_sphere_r0p35,70,-0.0240229506746311,-0.3082310723055581,3.8359375,-0.0686370019275175,-0.880660206587309,-0.46875,0.0160352125026979,1.7059304081810568e-05,2.5701534860783637e-06,-0.00012922785275264382,-9.458026019871524e-05,0.00023510261971156543,-0.00018180607715909922,-2.8024329681707974e-05,-2.0901445792535626e-05,0.0003398408658012777
L1_short_dipole_z_1p2G,1200000000.0,full_grid_162,huygens_em_minus,0.01,0.0,sqrt_area,level1_local_sphere_r0p35,71,0.2230117643943747,0.2083350726778382,3.828645833333333,0.6371764696982135,0.5952430647938235,-0.4895833333333332,0.0160352125026979,2.124765980643377e-06,-1.6231135903352212e-05,-0.00010861372922993414,-8.874285137132263e-05,0.0002369639732416281,-8.31020859579136e-05,4.12954510721135e-06,-8.439882609341575e-06,0.0002882470577754423
L1_short_dipole_z_1p2G,1200000000.0,full_grid_162,huygens_em_minus,0.01,0.0,sqrt_area,level1_local_sphere_r0p35,72,-0.3009602026121686,-0.0029364393883193,3.8213541666666666,-0.8598862931776247,-0.0083898268237696,-0.5104166666666667,0.0160352125026979,1.2178463155069097e-05,-8.684755437607963e-06,-7.689710278531377e-05,-0.00011682003898512413,0.0002422077326407317,-8.948449312008276e-05,3.3276316201547094e-05,-1.952329532949523e-05,0.00029655414076940794
L1_short_dipole_z_1p2G,1200000000.0,full_grid_162,huygens_em_minus,0.01,0.0,sqrt_area,level1_local_sphere_r0p35,73,0.2205923260361436,-0.1981571895938012,3.8140625,0.6302637886746961,-0.5661633988394322,-0.53125,0.0160352125026979,1.5211357074931364e-05,5.008204895880447e-05,-4.8987519620188535e-05,-8.914779775125764e-05,0.0002527781584425923,1.8118066502664342e-05,1.1112603927282449e-05,-2.581802477831391e-05,0.0002794670392431498
L1_short_dipole_z_1p2G,1200000000.0,full_grid_162,huygens_em_minus,0.01,0.0,sqrt_area,level1_local_sphere_r0p35,74,-0.0283481783018998,0.2904459845414793,3.806770833333333,-0.0809947951482853,0.8298456701185125,-0.5520833333333333,0.0160352125026979,1.0697982620038555e-05,-1.5120659620029161e-05,-7.584187057385375e-05,-0.00011006200241370017,0.00025946367841042016,7.407047030303248e-05,-9.818826735473178e-06,4.08484946757822e-05,0.00030460065454272246
L1_short_dipole_z_1p2G,1200000000.0,full_grid_162,huygens_em_minus,0.01,0.0,sqrt_area,level1_local_sphere_r0p35,75,-0.1723102531095314,-0.2293481459978143,3.7994791666666665,-0.4923150088843754,-0.6552804171366124,-0.5729166666666667,0.0160352125026979,-6.7921692321418485e-06,1.7076390397242295e-06,-8.02426193774448e-05,-0.0001459947983019886,0.00026314476032832833,7.624589657941657e-05,4.219383016963477e-06,2.441642056943101e-05,0.00032167526344075554
L1_short_dipole_z_1p2G,1200000000.0,full_grid_162,huygens_em_minus,0.01,0.0,sqrt_area,level1_local_sphere_r0p35,76,0.2768304549475514,0.0517577439353933,3.7921875,0.7909441569930039,0.147879268386838,-0.59375,0.0160352125026979,-4.349265019599505e-05,-8.567542600526536e-06,-1.6749216644330878e-05,-9.381849945552505e-05,0.0002347828542555916,0.0001992059693453439,9.968401488493503e-07,4.009109786341539e-05,0.00032781360130257694
L1_short_dipole_z_1p2G,1200000000.0,full_grid_162,huygens_em_minus,0.01,0.0,sqrt_area,level1_local_sphere_r0p35,77,-0.2343940050228243,0.1459097251453758,3.7848958333333336,-0.6696971572080695,0.4168849289867882,-0.6145833333333333,0.0160352125026979,-6.252590644749575e-06,-4.6343971893662405e-05,3.9650009506700306e-05,-0.00012006500455588015,0.00026053600444377327,0.00017374750268965854,-1.0977918915974298e-05,4.7144720022527435e-05,0.00034436162798093993
L1_short_dipole_z_1p2G,1200000000.0,full_grid_162,huygens_em_minus,0.01,0.0,sqrt_area,level1_local_sphere_r0p35,78,0.072703507217063,-0.260296548871303,3.7776041666666655,0.2077243063344659,-0.7437044253465802,-0.6354166666666667,0.0160352125026979,-2.3316138669877073e-05,2.1833149901127284e-05,3.7123837870953124e-05,-9.987431990188669e-05,0.00023089450657722498,0.00023580883832376344,4.240969667828969e-06,-3.562652990078414e-05,0.00035011241727029495
L1_short_dipole_z_1p2G,1200000000.0,full_grid_162,huygens_em_minus,0.01,0.0,sqrt_area,level1_local_sphere_r0p35,79,0.1194286693064785,0.235542873573865,3.7703125,0.3412247694470816,0.6729796387824717,-0.65625,0.0160352125026979,1.6263929513241757e-05,5.5237380011383106e-06,3.2035589700875615e-05,-8.14579285232968e-05,0.0001476322432672025,0.00033278195240989876,-1.72987530229126e-05,1.2114364173440752e-05,0.00037542217833904187
L1_short_dipole_z_1p2G,1200000000.0,full_grid_162,huygens_em_minus,0.01,0.0,sqrt_area,level1_local_sphere_r0p35,80,-0.2410648280143351,-0.0907117592178174,3.7630208333333335,-0.6887566514695289,-0.2591764549080497,-0.6770833333333333,0.0160352125026979,-1.3405242431421534e-06,1.9030460865013943e-05,8.446598815871943e-05,-0.00010828488842336311,0.00013968104484118709,0.0003290809486342471,6.995842335163788e-06,1.7224976763298075e-05,0.0003838942332712055
L1_short_dipole_z_1p2G,1200000000.0,full_grid_162,huygens_em_minus,0.01,0.0,sqrt_area,level1_local_sphere_r0p35,81,0.2326209959207287,-0.0933768292430577,3.755729166666667,0.664631416916368,-0.2667909406944506,-0.6979166666666667,0.0160352125026979,-4.4951057150871895e-05,2.764444079398796e-05,0.0001407628008785786,-4.4425084125734776e-05,6.610242158742224e-05,0.00041975660479494695,7.288687878501544e-06,-3.530936049353175e-05,0.0004543540251551748
L1_short_dipole_z_1p2G,1200000000.0,full_grid_162,huygens_em_minus,0.01,0.0,sqrt_area,level1_local_sphere_r0p35,82,-0.1052858441746823,0.2193882394527438,3.7484375,-0.3008166976419496,0.626823541293554,-0.71875,0.0160352125026979,6.0902495034877884e-05,-1.091690889777413e-05,0.00020912941161555415,-5.1783296114984355e-05,3.84882599261119e-05,0.00040502549476933774,-3.916001280591431e-05,-1.4422637906617278e-05,0.0004663833509174478
L1_short_dipole_z_1p2G,1200000000.0,full_grid_162,huygens_em_minus,0.01,0.0,sqrt_area,level1_local_sphere_r0p35,83,-0.0683067632352081,-0.2254522266371188,3.741145833333333,-0.1951621806720231,-0.6441492189631967,-0.7395833333333333,0.0160352125026979,2.250666619571897e-05,1.867574899440833e-05,0.00023273847137474067,-7.410037620250178e-05,2.2345103252436552e-05,0.0003655521594774214,1.7463821373325643e-05,-4.1284427464556786e-05,0.00044345289420743975
L1_short_dipole_z_1p2G,1200000000.0,full_grid_162,huygens_em_minus,0.01,0.0,sqrt_area,level1_local_sphere_r0p35,84,0.1955432989081127,0.1158844840840999,3.7338541666666663,0.558695139737465,0.3310985259545713,-0.7604166666666667,0.0160352125026979,1.6387009659266596e-05,-1.5288167752257906e-05,0.00022505912004514833,-1.640783369445155e-05,-4.8908204590150424e-05,0.0003166955723690238,1.347998474506999e-06,-1.937323069865196e-05,0.0003930500272011203
L1_short_dipole_z_1p2G,1200000000.0,full_grid_162,huygens_em_minus,0.01,0.0,sqrt_area,level1_local_sphere_r0p35,85,-0.2138281281943264,0.0448270586438671,3.7265625,-0.6109375091266469,0.128077310411049,-0.78125,0.0160352125026979,1.756265690240204e-05,-1.9563087468675764e-05,0.00023811908207013887,-1.3023304123326729e-05,1.1972558456966651e-05,0.0001941791128651254,-9.306227279305614e-07,3.189208776844831e-05,0.000310529074894731
L1_short_dipole_z_1p2G,1200000000.0,full_grid_162,huygens_em_minus,0.01,0.0,sqrt_area,level1_local_sphere_r0p35,86,0.1218785739837586,-0.1698138633513894,3.719270833333333,0.3482244970964532,-0.4851824667182557,-0.8020833333333333,0.0160352125026979,-2.0089189849814516e-05,-3.4448855205893264e-06,0.00018868509356122356,-7.337986442041509e-06,-1.3305142592216831e-05,0.00014754445573746854,4.6101565704961036e-05,-4.8568766161604415e-06,0.0002452889932538384
L1_short_dipole_z_1p2G,1200000000.0,full_grid_162,huygens_em_minus,0.01,0.0,sqrt_area,level1_local_sphere_r0p35,87,0.0236299533301218,0.1974477775807782,3.7119791666666666,0.0675141523717766,0.5641365073736521,-0.8229166666666667,0.0160352125026979,3.390145812024649e-05,3.9429137595977965e-06,0.0001852338310953853,-4.0110435466091836e-05,-1.3595083191967998e-05,5.8867468510577994e-05,-4.498441029975068e-05,1.9166145032410695e-05,0.00020766901085238462
L1_short_dipole_z_1p2G,1200000000.0,full_grid_162,huygens_em_minus,0.01,0.0,sqrt_area,level1_local_sphere_r0p35,88,-0.1424572321438244,-0.1224600520727902,3.7046875,-0.4070206632680699,-0.349885863065115,-0.84375,0.0160352125026979,-4.082412127316256e-05,-8.338964730324476e-06,0.00022551930254395287,-8.291039100848178e-05,5.205784737681866e-05,-6.217381254503747e-05,-3.1257325002472934e-05,2.061102379235117e-05,0.0002597049731436856
L1_short_dipole_z_1p2G,1200000000.0,full_grid_162,huygens_em_minus,0.01,0.0,sqrt_area,level1_local_sphere_r0p35,89,0.175783660057011,-0.0055518621140498,3.697395833333333,0.5022390287343172,-0.0158624631829996,-0.8645833333333333,0.0160352125026979,-1.052948129160464e-05,-2.4582900900377644e-05,0.00014760693397342084,-6.846169217790316e-05,5.561334562013913e-05,-0.00022667323179342787,-9.359921423405311e-06,3.1890581537505184e-07,0.000285921855230686
L1_short_dipole_z_1p2G,1200000000.0,full_grid_162,huygens_em_minus,0.01,0.0,sqrt_area,level1_local_sphere_r0p35,90,-0.1164259821423588,0.1136202586021788,3.6901041666666665,-0.3326456632638824,0.3246293102919397,-0.8854166666666667,0.0160352125026979,8.729704275555969e-06,1.632429715787265e-05,0.00015814775941933387,-0.0001151221270014363,0.0001887857223496697,-0.0003017573704685129,-2.5607671344484833e-05,-3.541043817831518e-05,0.00040891774222690907
L1_short_dipole_z_1p2G,1200000000.0,full_grid_162,huygens_em_minus,0.01,0.0,sqrt_area,level1_local_sphere_r0p35,91,0.008276169239723,-0.1477281112939086,3.6828125,0.0236461978277801,-0.4220803179825961,-0.90625,0.0160352125026979,-0.00022431108041556116,0.0001756396019287108,-1.498336324542586e-05,3.33632633929421e-05,-5.8396649722036624e-05,-7.637692612812015e-06,0.00024902438155459026,-0.0003774685258916046,0.00053894941578582
L1_short_dipole_z_1p2G,1200000000.0,full_grid_162,huygens_em_minus,0.01,0.0,sqrt_area,level1_local_sphere_r0p35,92,0.0830738322231834,0.1015480615229061,3.6755208333333336,0.2373538063519528,0.2901373186368747,-0.9270833333333331,0.0160352125026979,0.00018063498269393067,-0.00015061364820171885,0.00012658467830023565,-0.00014279490809418268,0.00017222087127979546,-0.00027703202320773784,-0.00020767485574124943,0.00037299261816871836,0.0006167549301447996
L1_short_dipole_z_1p2G,1200000000.0,full_grid_162,huygens_em_minus,0.01,0.0,sqrt_area,level1_local_sphere_r0p35,93,-0.1103355621734543,-0.0159429567261953,3.6682291666666655,-0.3152444633527267,-0.0455513049319866,-0.9479166666666669,0.0160352125026979,-7.316970722970025e-05,4.405261951819048e-05,-0.00031901140227498856,0.00016717735702969735,-0.0003313069074312378,0.00038429996882807083,8.868443805788099e-05,-8.692200010925697e-05,0.0006402203366317933
L1_short_dipole_z_1p2G,1200000000.0,full_grid_162,huygens_em_minus,0.01,0.0,sqrt_area,level1_local_sphere_r0p35,94,0.0717421143958777,-0.0488844567910781,3.6609375,0.2049774697025079,-0.1396698765459376,-0.96875,0.0160352125026979,-0.0002130017534237413,7.251752728846771e-05,0.0002697432215198862,-0.00012064647207057731,0.0001996672663145139,-0.00028021200279736066,0.00017769966170188433,-0.00016613875367268408,0.0005617032619584125
L1_short_dipole_z_1p2G,1200000000.0,full_grid_162,huygens_em_minus,0.01,0.0,sqrt_area,level1_local_sphere_r0p35,95,-0.0115379592595064,0.0490475965646113,3.6536458333333335,-0.0329655978843041,0.140135990184604,-0.9895833333333331,0.0160352125026979,0.0003129180425549858,-5.076986828425587e-05,-8.70746334368289e-05,-1.397636727588366e-05,-5.2306300044349674e-05,5.188081990027403e-06,-0.0001365649258094846,0.00015549692862200511,0.0003922559757399814
L1_halfwave_dipole_z_1p2G,1200000000.0,full_grid_162,huygens_em_minus,0.01,0.0,sqrt_area,level1_local_sphere_r0p35,0,0.0503864191289565,0.0,4.346354166666667,0.1439611975113045,0.0,0.9895833333333334,0.0160352125026979,0.007471765506007864,0.005556044990136994,-0.20980425305008477,0.07783096418184789,-0.4312984836608605,-0.33165075719353,1.559312066688398e-06,-5.2620343200782756e-05,0.5883645043896008
L1_halfwave_dipole_z_1p2G,1200000000.0,full_grid_162,huygens_em_minus,0.01,0.0,sqrt_area,level1_local_sphere_r0p35,1,-0.0640137315534261,0.0586418218198913,4.3390625,-0.1828963758669319,0.1675480623425468,0.96875,0.0160352125026979,0.12701262186767376,0.002193050542990271,0.11541326249835432,-0.017107183113277604,0.3209141031103638,0.2643278959515286,-0.2949616887563128,-0.22992667710615436,0.5852124958434458
L1_halfwave_dipole_z_1p2G,1200000000.0,full_grid_162,huygens_em_minus,0.01,0.0,sqrt_area,level1_local_sphere_r0p35,2,0.0097463467372366,-0.1110545941174119,4.331770833333334,0.0278467049635333,-0.3172988403354628,0.9479166666666666,0.0160352125026979,-0.07589300845256945,-0.08150814803182566,-0.019620596528175917,-0.02288580955442787,0.005742379845234236,0.026957364660751784,0.29708056180319686,0.2318947106384827,0.3950996665068084
L1_halfwave_dipole_z_1p2G,1200000000.0,full_grid_162,huygens_em_minus,0.01,0.0,sqrt_area,level1_local_sphere_r0p35,3,0.079826785298584,0.1041199056290357,4.324479166666666,0.2280765294245257,0.2974854446543879,0.9270833333333334,0.0160352125026979,-0.004271957405221766,0.12423698026414906,0.012869174195843117,-0.10118002679937561,-0.055720335330517214,-0.01007750766156884,-0.13684134677179877,-0.09966062509867639,0.24025027921778735
L1_halfwave_dipole_z_1p2G,1200000000.0,full_grid_162,huygens_em_minus,0.01,0.0,sqrt_area,level1_local_sphere_r0p35,4,-0.1456979685085301,-0.0257719191415258,4.3171875,-0.416279910024372,-0.0736340546900738,0.90625,0.0160352125026979,0.023089143634743313,-0.02334088020139011,-0.08951213179816103,0.18656581794425375,-0.036287509858775144,-0.06915767119831057,0.026249767673920805,0.032946608706236,0.22753291540373277
L1_halfwave_dipole_z_1p2G,1200000000.0,full_grid_162,huygens_em_minus,0.01,0.0,sqrt_area,level1_local_sphere_r0p35,5,0.1372615669808204,-0.0873145733117251,4.309895833333333,0.392175905659487,-0.2494702094620719,0.8854166666666666,0.0160352125026979,0.010253002516799696,0.0005439324997429246,-0.11640669320909153,0.19886162271874402,-0.07563297707461401,-0.10604567824488859,-0.012593657027099912,-0.02654410103521849,0.2665166143602553
L1_halfwave_dipole_z_1p2G,1200000000.0,full_grid_162,huygens_em_minus,0.01,0.0,sqrt_area,level1_local_sphere_r0p35,6,-0.0456569496532209,0.1698415769602233,4.302604166666667,-0.1304484275806313,0.485261648457781,0.8645833333333334,0.0160352125026979,0.018416162857349788,-0.020639714845121206,-0.1384480419321631,0.18292684761996816,-0.17986906620285206,-0.19741881810406098,-0.034765108576355286,-0.05586644683452292,0.35923806612445186
L1_halfwave_dipole_z_1p2G,1200000000.0,full_grid_162,huygens_em_minus,0.01,0.0,sqrt_area,level1_local_sphere_r0p35,7,-0.0865849481679659,-0.1667140488816123,4.2953125,-0.2473855661941884,-0.4763258539474639,0.84375,0.0160352125026979,-0.008264946495296029,-0.008334647687375477,-0.12661476646604602,0.13342467283622544,-0.23442896568007446,-0.231880731928731,-0.016960807710785945,-0.026791814612369333,0.3790808650135315
L1_halfwave_dipole_z_1p2G,1200000000.0,full_grid_162,huygens_em_minus,0.01,0.0,sqrt_area,level1_local_sphere_r0p35,8,0.1867903625865198,0.0682155408302879,4.288020833333333,0.5336867502471996,0.194901545229394,0.8229166666666666,0.0160352125026979,-0.007362604320240343,-0.015043908639829653,-0.10063480937157623,0.1056559812516577,-0.21631673648771274,-0.17836625454798255,-0.0013066636001308057,0.007116647540568705,0.31659261464727023
L1_halfwave_dipole_z_1p2G,1200000000.0,full_grid_162,huygens_em_minus,0.01,0.0,sqrt_area,level1_local_sphere_r0p35,9,-0.1932106319572427,0.0797545401925291,4.280729166666666,-0.5520303770206937,0.2278701148357977,0.8020833333333334,0.0160352125026979,-0.01256421255843189,-0.0024463051822972287,-0.05309906793319238,0.05140089949936795,-0.19591724910316985,-0.16542429175742357,0.01598308443353221,0.034086053983351475,0.2697989810854377
L1_halfwave_dipole_z_1p2G,1200000000.0,full_grid_162,huygens_em_minus,0.01,0.0,sqrt_area,level1_local_sphere_r0p35,10,0.0926003435021562,-0.1978815554240279,4.2734375,0.2645724100061607,-0.5653758726400799,0.78125,0.0160352125026979,-0.026575645983999377,0.01940802428825396,-0.037408760842268365,0.025321241337190353,-0.21813084392579526,-0.14838966476393708,0.02916783412454618,0.04657254171966674,0.2752159858858693
L1_halfwave_dipole_z_1p2G,1200000000.0,full_grid_162,huygens_em_minus,0.01,0.0,sqrt_area,level1_local_sphere_r0p35,11,0.0680279501190859,0.2168838246663423,4.266145833333333,0.1943655717688171,0.6196680704752637,0.7604166666666666,0.0160352125026979,-0.006537268972780362,0.01659163606727869,-0.0033268205029193115,-0.012013945095754333,-0.2277567350372932,-0.13462826443834996,0.010501595322194301,0.019525475514891893,0.26638852926385137
L1_halfwave_dipole_z_1p2G,1200000000.0,full_grid_162,huygens_em_minus,0.01,0.0,sqrt_area,level1_local_sphere_r0p35,12,-0.2038201837493183,-0.1181179626293126,4.258854166666667,-0.5823433821409094,-0.3374798932266075,0.7395833333333333,0.0160352125026979,0.007405436374930883,0.010949921940841705,0.04355152070135341,-0.054417756018954336,-0.19777934972194777,-0.07864499780666004,-0.0016727288121285155,-0.0015822579788830494,0.22436527543804383
L1_halfwave_dipole_z_1p2G,1200000000.0,full_grid_162,huygens_em_minus,0.01,0.0,sqrt_area,level1_local_sphere_r0p35,13,0.2376682020157024,-0.0522506875014409,4.2515625,0.6790520057591499,-0.1492876785755457,0.71875,0.0160352125026979,0.005739520011526694,0.01195507341363801,0.04868063857387095,-0.05500855820675693,-0.1953010090895968,-0.029849938828702474,0.0017327437066111603,-0.009030409006249893,0.2113993037010747
L1_halfwave_dipole_z_1p2G,1200000000.0,full_grid_162,huygens_em_minus,0.01,0.0,sqrt_area,level1_local_sphere_r0p35,14,-0.1441634620718813,0.2050576898974727,4.244270833333333,-0.4118956059196609,0.5858791139927794,0.6979166666666667,0.0160352125026979,-0.0007668471158933897,0.02017522581412358,0.08572909977380076,-0.08097441512767053,-0.14764892699435495,0.02304179414246712,-0.005031816880334872,-0.027476846547675255,0.1934564251754243
L1_halfwave_dipole_z_1p2G,1200000000.0,full_grid_162,huygens_em_minus,0.01,0.0,sqrt_area,level1_local_sphere_r0p35,15,-0.0331001415477442,-0.2554315078362329,4.236979166666667,-0.0945718329935548,-0.7298043081035227,0.6770833333333333,0.0160352125026979,0.009645550551511707,-0.0028532643752022246,0.1008265583087334,-0.10082346548779358,-0.12173584611185458,0.03977527165887393,-0.0028887382685278996,-0.009168525711429378,0.1921630530383009
L1_halfwave_dipole_z_1p2G,1200000000.0,full_grid_162,huygens_em_minus,0.01,0.0,sqrt_area,level1_local_sphere_r0p35,16,0.201936333078244,0.1701921553029471,4.2296875,0.5769609516521259,0.4862633008655632,0.65625,0.0160352125026979,0.024420790173919148,-0.009143969551295601,0.09329715729128227,-0.1070430916145444,-0.12050294646472565,0.02380136087080885,-0.017763353073907917,-0.028033213902809023,0.1924355291338883
L1_halfwave_dipole_z_1p2G,1200000000.0,full_grid_162,huygens_em_minus,0.01,0.0,sqrt_area,level1_local_sphere_r0p35,17,-0.2700285206946736,0.0111665270974643,4.222395833333334,-0.771510059127639,0.0319043631356124,0.6354166666666667,0.0160352125026979,0.025271456060542638,-0.017409789593576808,0.09330463640973646,-0.10167055812237906,-0.09689346955875369,0.04085198878087749,-0.01696562221650616,-0.021795190131735094,0.17833815326547345
L1_halfwave_dipole_z_1p2G,1200000000.0,full_grid_162,huygens_em_minus,0.01,0.0,sqrt_area,level1_local_sphere_r0p35,18,0.1957065015708259,-0.1947541083662863,4.215104166666666,0.5591614330595027,-0.5564403096179611,0.6145833333333333,0.0160352125026979,0.016356565157465988,-0.026147980159822712,0.08207189903759178,-0.10746513518667901,-0.09904589366360486,0.01751079080950077,-0.0003136979490210301,-0.0012197013588593798,0.1713304085873871
L1_halfwave_dipole_z_1p2G,1200000000.0,full_grid_162,huygens_em_minus,0.01,0.0,sqrt_area,level1_local_sphere_r0p35,19,-0.013008774560067,0.2813267435353335,4.2078125,-0.0371679273144774,0.8037906958152388,0.59375,0.0160352125026979,-0.01922665257439402,-0.00685210640855087,0.08011219772914721,-0.10899213425903345,-0.07304267968917352,0.026721560927364035,0.013168180563138898,0.013955246141412254,0.15852851426656522
L1_halfwave_dipole_z_1p2G,1200000000.0,full_grid_162,huygens_em_minus,0.01,0.0,sqrt_area,level1_local_sphere_r0p35,20,-0.1837968805377429,-0.220250089906679,4.200520833333333,-0.5251339443935512,-0.6292859711619402,0.5729166666666667,0.0160352125026979,-0.019896146560767485,-0.004827663439041112,0.06519029327534397,-0.09787072213028274,-0.04462411665842532,0.037068279609898495,0.011435361849859639,0.02156192090431049,0.1349394999411955
L1_halfwave_dipole_z_1p2G,1200000000.0,full_grid_162,huygens_em_minus,0.01,0.0,sqrt_area,level1_local_sphere_r0p35,21,0.2892199495787451,0.0389141351564401,4.193229166666667,0.8263427130821289,0.1111832433041146,0.5520833333333333,0.0160352125026979,-0.01415072143856265,-0.003969005857980393,0.03466365755901699,-0.09565114922728679,-0.03998913918097044,0.0016222818626754794,0.004849201203378423,0.012856039543251006,0.11116322676374338
L1_halfwave_dipole_z_1p2G,1200000000.0,full_grid_162,huygens_em_minus,0.01,0.0,sqrt_area,level1_local_sphere_r0p35,22,-0.2434052543196174,0.1693550361322399,4.1859375,-0.6954435837703357,0.4838715318063999,0.53125,0.0160352125026979,-0.016625714784845966,0.0027805579575734124,0.009965035544643827,-0.0774190966855266,-0.018930223962457055,0.007010679071658112,0.001230093907151523,0.013682413872826482,0.08350681972386265
L1_halfwave_dipole_z_1p2G,1200000000.0,full_grid_162,huygens_em_minus,0.01,0.0,sqrt_area,level1_local_sphere_r0p35,23,0.0660583014144804,-0.2936357727642742,4.178645833333333,0.1887380040413726,-0.8389593507550694,0.5104166666666667,0.0160352125026979,0.010642039192979437,-0.013531149457170405,0.008652383060171978,-0.08467212922566372,0.003494007917745748,-0.0013302190039298223,-0.008224589973349905,0.017035794486249103,0.08895177318063856
L1_halfwave_dipole_z_1p2G,1200000000.0,full_grid_162,huygens_em_minus,0.01,0.0,sqrt_area,level1_local_sphere_r0p35,24,0.1517320356388523,0.2647926338228884,4.171354166666666,0.4335201018252923,0.7565503823511098,0.4895833333333333,0.0160352125026979,-0.004134099074597535,0.004705893741548922,0.004147258657819897,-0.08835062722303216,0.03787203948578036,-0.004692445788439803,-0.006106117708526645,0.0028313126322234428,0.096767146920456
L1_halfwave_dipole_z_1p2G,1200000000.0,full_grid_162,huygens_em_minus,0.01,0.0,sqrt_area,level1_local_sphere_r0p35,25,-0.2945400310937079,-0.0939663034128062,4.1640625,-0.8415429459820226,-0.2684751526080179,0.46875,0.0160352125026979,-0.008124848551296152,0.014103976282862793,-0.01267747960664898,-0.08096089465185376,0.05799227625537669,-0.02440687938708038,-0.0068073567907085825,-0.009043587149970847,0.1052009824321292
L1_halfwave_dipole_z_1p2G,1200000000.0,full_grid_162,huygens_em_minus,0.01,0.0,sqrt_area,level1_local_sphere_r0p35,26,0.2840717736703947,-0.1312483646363954,4.156770833333333,0.8116336390582708,-0.3749953275325585,0.4479166666666666,0.0160352125026979,-0.005119624156649777,0.008529827191866998,-0.011049708532391435,-0.09378795244689939,0.08017754213673435,-0.047354561294139216,0.0018305840213407379,0.00024241872171208018,0.13300957532976773
L1_halfwave_dipole_z_1p2G,1200000000.0,full_grid_162,huygens_em_minus,0.01,0.0,sqrt_area,level1_local_sphere_r0p35,27,-0.1221784084131341,0.2919390608505005,4.149479166666667,-0.3490811668946689,0.8341116024300016,0.4270833333333333,0.0160352125026979,-0.02000933150909821,0.004988614569361102,-0.02941016756035529,-0.08596290464251748,0.09847149076439195,-0.06929476065036141,0.01349074393700474,0.013208356109742133,0.15341022698411458
L1_halfwave_dipole_z_1p2G,1200000000.0,full_grid_162,huygens_em_minus,0.01,0.0,sqrt_area,level1_local_sphere_r0p35,28,-0.1082426875547271,-0.300942246011888,4.1421875,-0.3092648215849346,-0.8598349886053943,0.40625,0.0160352125026979,-0.002981894062059457,0.004285182716178551,-0.038484779893886226,-0.07378206904471413,0.10852460083054735,-0.07713158106739065,-0.000333861628448711,-0.0018764819325831628,0.15710706193715027
L1_halfwave_dipole_z_1p2G,1200000000.0,full_grid_162,huygens_em_minus,0.01,0.0,sqrt_area,level1_local_sphere_r0p35,29,0.2858807156757857,0.1502508920239945,4.134895833333333,0.8168020447879594,0.4292882629256988,0.3854166666666666,0.0160352125026979,-0.010381799518164626,0.013160712785868223,-0.027568996506244225,-0.07122453422427964,0.12523122495620048,-0.07017147945414208,0.0024961947790007218,-0.01217976557872524,0.16393731691361596
L1_halfwave_dipole_z_1p2G,1200000000.0,full_grid_162,huygens_em_minus,0.01,0.0,sqrt_area,level1_local_sphere_r0p35,30,-0.3151449697235152,0.0830712026352708,4.127604166666667,-0.9004141992100434,0.2373462932436309,0.3645833333333333,0.0160352125026979,-0.003231310365650067,0.013066919681411177,-0.031211943324747873,-0.06031372474637767,0.12511833342883033,-0.0787456672578711,0.0021760823288135556,-0.019880174420165292,0.1644644359632257
L1_halfwave_dipole_z_1p2G,1200000000.0,full_grid_162,huygens_em_minus,0.01,0.0,sqrt_area,level1_local_sphere_r0p35,31,0.1777579074712884,-0.2764543880555685,4.1203125,0.5078797356322526,-0.7898696801587672,0.34375,0.0160352125026979,0.01914469697072263,0.011788742678551963,-0.024629169217659022,-0.05398981695313136,0.13096497526929662,-0.06335731895598687,-0.007419469356760654,-0.021944242090057763,0.16040437364999663
L1_halfwave_dipole_z_1p2G,1200000000.0,full_grid_162,huygens_em_minus,0.01,0.0,sqrt_area,level1_local_sphere_r0p35,32,0.0561057877890686,0.3264635229381789,4.113020833333334,0.1603022508259104,0.9327529226805114,0.3229166666666666,0.0160352125026979,0.019830358865474296,-0.0018967089838399995,-0.03494267733579454,-0.043659747727613336,0.1383530339287437,-0.05537734379811995,0.0019285032997700471,-0.004071985556275588,0.1604759087947664
L1_halfwave_dipole_z_1p2G,1200000000.0,full_grid_162,huygens_em_minus,0.01,0.0,sqrt_area,level1_local_sphere_r0p35,33,-0.2637902621708605,-0.2042940060300371,4.105729166666666,-0.7536864633453159,-0.5836971600858205,0.3020833333333333,0.0160352125026979,0.016622018612024975,-0.00323983547009796,-0.0358727167032547,-0.033263561414081134,0.1367999448743786,-0.0565153845729977,0.0019273986254250974,-0.004199378304793267,0.15687468761054804
L1_halfwave_dipole_z_1p2G,1200000000.0,full_grid_162,huygens_em_minus,0.01,0.0,sqrt_area,level1_local_sphere_r0p35,34,0.334725310016605,-0.0277313077231783,4.0984375,0.9563580286188716,-0.0792323077805096,0.28125,0.0160352125026979,0.012614784005040972,-0.0030564461623439135,-0.020083150047281964,-0.024069256815178644,0.13955928538968643,-0.037360445488004566,0.0010552966527457436,0.002591799756232388,0.1484303364566611
L1_halfwave_dipole_z_1p2G,1200000000.0,full_grid_162,huygens_em_minus,0.01,0.0,sqrt_area,level1_local_sphere_r0p35,35,-0.2294770154392229,0.2480579296274941,4.091145833333333,-0.6556486155406371,0.7087369417928404,0.2604166666666666,0.0160352125026979,0.010848026480932714,-0.01334861749879386,-0.015122422794951358,-0.01633652171757471,0.1387934125915735,-0.047960511091675845,0.0024006306162045535,0.013469978683563599,0.15014146741243342
L1_halfwave_dipole_z_1p2G,1200000000.0,full_grid_162,huygens_em_minus,0.01,0.0,sqrt_area,level1_local_sphere_r0p35,36,0.001657670441763,-0.3398024880152371,4.083854166666667,0.0047362012621802,-0.970864251472106,0.2395833333333333,0.0160352125026979,0.010378853309174367,-0.003040619944907813,-0.019065000512924608,-0.006661610448100194,0.13262233732795553,-0.04717430553439386,-0.0053192883592576585,-0.0019875629383445392,0.14272757953544915
L1_halfwave_dipole_z_1p2G,1200000000.0,full_grid_162,huygens_em_minus,0.01,0.0,sqrt_area,level1_local_sphere_r0p35,37,0.2294644582705623,0.2529510742897672,4.0765625,0.6556127379158925,0.7227173551136206,0.21875,0.0160352125026979,-0.0017837732192452077,-0.003796239122351955,-0.024690559187858455,0.004354937586258999,0.1224433137262421,-0.03400536369495791,0.002880758473015166,0.006262442023653052,0.1297783851746118
L1_halfwave_dipole_z_1p2G,1200000000.0,full_grid_162,huygens_em_minus,0.01,0.0,sqrt_area,level1_local_sphere_r0p35,38,-0.3416125868071022,-0.0316605777626623,4.069270833333333,-0.9760359623060064,-0.0904587936076065,0.1979166666666666,0.0160352125026979,-0.014308242955308498,-0.0004924109902373353,-0.014252943667899112,0.010553851524439693,0.11005202455092804,-0.03028243291848553,0.006516020606154752,0.001891435918415365,0.11659334619027628
L1_halfwave_dipole_z_1p2G,1200000000.0,full_grid_162,huygens_em_minus,0.01,0.0,sqrt_area,level1_local_sphere_r0p35,39,0.2743896769967368,-0.2082519821200557,4.061979166666666,0.7839705057049624,-0.5950056632001591,0.1770833333333333,0.0160352125026979,-0.011800793529281295,0.0059036596177703266,-0.0173677777047656,0.023679502895732632,0.10208408892548763,-0.012151802477296456,0.00104070869451528,-0.007385816763949279,0.10798579241569675
L1_halfwave_dipole_z_1p2G,1200000000.0,full_grid_162,huygens_em_minus,0.01,0.0,sqrt_area,level1_local_sphere_r0p35,40,-0.0618748285048364,0.3401187776957441,4.0546875,-0.1767852242995326,0.9717679362735548,0.15625,0.0160352125026979,0.002591900680554038,-0.006317022946997222,-0.015922606787266765,0.030258499294568243,0.09850901596590816,-0.01480955698731264,-0.002982070499169596,0.0009839624597203396,0.1055885365265956
L1_halfwave_dipole_z_1p2G,1200000000.0,full_grid_162,huygens_em_minus,0.01,0.0,sqrt_area,level1_local_sphere_r0p35,41,-0.1846948687969357,-0.2934986208191131,4.047395833333334,-0.5276996251341022,-0.8385674880546091,0.1354166666666666,0.0160352125026979,0.0008658865608010061,-0.003476674229188126,-0.01021122610574882,0.034608153657774296,0.09395373573387683,-0.027383843382472704,-0.0022795235605054887,0.001134415723170877,0.10439584725868052
L1_halfwave_dipole_z_1p2G,1200000000.0,full_grid_162,huygens_em_minus,0.01,0.0,sqrt_area,level1_local_sphere_r0p35,42,0.3353297609074893,0.0918999851234932,4.040104166666667,0.9580850311642553,0.2625713860671235,0.1145833333333333,0.0160352125026979,-0.0038817705641690514,-0.003819564478325068,-0.014642446301970972,0.04292621758544407,0.0776973170910081,-0.013144413303933546,0.0004234587659943667,0.0098353499486983,0.091614849863988
L1_halfwave_dipole_z_1p2G,1200000000.0,full_grid_162,huygens_em_minus,0.01,0.0,sqrt_area,level1_local_sphere_r0p35,43,-0.3100187715952942,0.1590965150538966,4.0328125,-0.8857679188436979,0.4545614715825619,0.09375,0.0160352125026979,-0.0030388126248095393,-0.006834500109510547,-0.002340346561412847,0.04284734974277046,0.07378898212425986,-0.021972820124800663,-0.003384014900467497,0.009096687488700912,0.0889895351331114
L1_halfwave_dipole_z_1p2G,1200000000.0,full_grid_162,huygens_em_minus,0.01,0.0,sqrt_area,level1_local_sphere_r0p35,44,0.1213420164482935,-0.3272992546741197,4.025520833333333,0.346691475566553,-0.935140727640342,0.0729166666666666,0.0160352125026979,-0.010874656482533801,0.0011964134961365142,-0.01850162641983141,0.04248355576697186,0.06720601064352036,-0.028385652565579816,-0.003509698336284346,-0.002590975641522719,0.08722543508076486
L1_halfwave_dipole_z_1p2G,1200000000.0,full_grid_162,huygens_em_minus,0.01,0.0,sqrt_area,level1_local_sphere_r0p35,45,0.1317858186592982,0.3237285830490373,4.018229166666667,0.3765309104551378,0.9249388087115352,0.0520833333333333,0.0160352125026979,0.0018654063393343722,-0.0008239917603055369,-0.03373276074391819,0.03962418010136859,0.05675167146716652,-0.036716216488222764,-0.006273267713751689,-0.0014251656194262281,0.08557073829132503
L1_halfwave_dipole_z_1p2G,1200000000.0,full_grid_162,huygens_em_minus,0.01,0.0,sqrt_area,level1_local_sphere_r0p35,46,-0.3161250788917144,-0.1498175743678203,4.0109375,-0.903214511119184,-0.4280502124794866,0.03125,0.0160352125026979,0.002289829290437903,0.0004293102369194515,-0.03383612535735678,0.04010820618444639,0.04599134294719751,-0.04222309426738565,-0.0006152767534644034,0.0028131919904366073,0.08164107506794223
L1_halfwave_dipole_z_1p2G,1200000000.0,full_grid_162,huygens_em_minus,0.01,0.0,sqrt_area,level1_local_sphere_r0p35,47,0.3344463184169463,-0.1031133744800164,4.003645833333334,0.9555609097627036,-0.2946096413714757,0.0104166666666666,0.0160352125026979,0.0008446642739517105,0.002559289809734161,-0.04916640100738845,0.04628216287636014,0.029520814789579956,-0.028706139641021693,-0.0004090512545859293,0.0027488586719171745,0.07918258341615743
L1_halfwave_dipole_z_1p2G,1200000000.0,full_grid_162,huygens_em_minus,0.01,0.0,sqrt_area,level1_local_sphere_r0p35,48,-0.1769582229187195,0.3019478352973479,3.9963541666666655,-0.5055949226249129,0.8627081008495655,-0.0104166666666667,0.0160352125026979,0.012004478501883992,0.0005741249423816333,-0.03866957723238166,0.04657089989543054,0.021221370849704144,-0.02891700133365086,-0.0067235330930632015,-0.00119558043773264,0.07170632399349897
L1_halfwave_dipole_z_1p2G,1200000000.0,full_grid_162,huygens_em_minus,0.01,0.0,sqrt_area,level1_local_sphere_r0p35,49,-0.0734474433527284,-0.3420319344135832,3.9890625,-0.2098498381506528,-0.9772340983245236,-0.03125,0.0160352125026979,-0.0009425784759025876,0.0003374489639930093,-0.03548253721087693,0.041434273152596776,0.01872165771992612,-0.035253617426417916,-0.0017858619052581789,0.0002129934951738844,0.06762665482630165
L1_halfwave_dipole_z_1p2G,1200000000.0,full_grid_162,huygens_em_minus,0.01,0.0,sqrt_area,level1_local_sphere_r0p35,50,0.2849491942343586,0.2024145602169682,3.9817708333333335,0.8141405549553103,0.5783273149056236,-0.0520833333333332,0.0160352125026979,0.0010943355667535348,-0.001276580738261597,-0.04597475727526064,0.03483770725163913,0.008654143531429778,-0.030096285182652303,-0.002059022879599837,0.007275885049751685,0.06609107384751774
L1_halfwave_dipole_z_1p2G,1200000000.0,full_grid_162,huygens_em_minus,0.01,0.0,sqrt_area,level1_local_sphere_r0p35,51,-0.3463885972275937,0.0431697437642618,3.974479166666667,-0.9896817063645535,0.123342125040748,-0.0729166666666667,0.0160352125026979,-0.0017620343543365835,-0.00316673727393936,-0.03497320540625191,0.034249838745723224,0.01153890392358746,-0.024873702310784777,-0.0005144676929728295,0.005460748215255724,0.05649107326830324
L1_halfwave_dipole_z_1p2G,1200000000.0,full_grid_162,huygens_em_minus,0.01,0.0,sqrt_area,level1_local_sphere_r0p35,52,0.2258601789585697,-0.2653498057367912,3.9671875,0.6453147970244851,-0.7581423021051177,-0.09375,0.0160352125026979,-0.018192745044076863,-0.0028418200418783013,-0.05104965677971883,0.03074028570971655,0.006381204258993939,-0.021809530511302366,0.00612700023701299,0.000562860593116752,0.06666570984472732
L1_halfwave_dipole_z_1p2G,1200000000.0,full_grid_162,huygens_em_minus,0.01,0.0,sqrt_area,level1_local_sphere_r0p35,53,0.0126711182460982,0.3474638090195375,3.959895833333333,0.0362031949888521,0.9927537400558214,-0.1145833333333332,0.0160352125026979,-0.006061158016126389,0.001071875190129615,-0.0517413344668659,0.02334616023682548,-0.0008092731072614264,-0.024975413779644184,0.004095445110977182,-0.012343085590989511,0.06366825026750289
L1_halfwave_dipole_z_1p2G,1200000000.0,full_grid_162,huygens_em_minus,0.01,0.0,sqrt_area,level1_local_sphere_r0p35,54,-0.2434068601540782,-0.2469954157723819,3.9526041666666663,-0.6954481718687952,-0.7057011879210914,-0.1354166666666667,0.0160352125026979,-0.0028134133449215417,-8.287332366727421e-05,-0.04162185710940335,0.01722301660904859,-0.0009803584594121756,-0.02329296206131718,0.006675330946948048,-0.008762084061400593,0.05197875332900499
L1_halfwave_dipole_z_1p2G,1200000000.0,full_grid_162,huygens_em_minus,0.01,0.0,sqrt_area,level1_local_sphere_r0p35,55,0.3452501317552451,0.0176528713453607,3.9453125,0.986428947872129,0.0504367752724591,-0.15625,0.0160352125026979,0.002254692223294977,-0.0009382606159735324,-0.050711396583524214,0.012308492503057775,-0.011079056377110368,-0.0133639224435214,0.0028260114137483028,-0.0033703583851745003,0.05522494246799512
L1_halfwave_dipole_z_1p2G,1200000000.0,full_grid_162,huygens_em_minus,0.01,0.0,sqrt_area,level1_local_sphere_r0p35,56,-0.2655508438291286,0.2194113311589519,3.938020833333333,-0.7587166966546532,0.6268895175970057,-0.1770833333333332,0.0160352125026979,0.01003434380754338,0.004690222189058929,-0.03486687626517657,0.014768580218283325,-0.010322830930829923,-0.00821532813539641,0.0032161222645446692,-0.010824386535677459,0.04310521433746407
L1_halfwave_dipole_z_1p2G,1200000000.0,full_grid_162,huygens_em_minus,0.01,0.0,sqrt_area,level1_local_sphere_r0p35,57,0.0474063627720004,-0.3397855035430956,3.9307291666666666,0.1354467507771442,-0.9708157244088448,-0.1979166666666667,0.0160352125026979,-0.004076988100857798,0.0011613395381728647,-0.036460177414236086,0.012188758659553628,-0.012315262336706934,-0.010296553688653454,0.010520493800948261,-0.0014369806322208911,0.04320082549760223
L1_halfwave_dipole_z_1p2G,1200000000.0,full_grid_162,huygens_em_minus,0.01,0.0,sqrt_area,level1_local_sphere_r0p35,58,0.1936849420940686,0.2812904669550095,3.9234375,0.5533855488401961,0.8036870484428843,-0.21875,0.0160352125026979,0.005557106999618623,0.00711825979706987,-0.03653727443430457,0.0069984489638090855,-0.018908318778466653,-0.015534719888280969,0.0039964376377935144,-0.0012413188366057482,0.04562747197701041
L1_halfwave_dipole_z_1p2G,1200000000.0,full_grid_162,huygens_em_minus,0.01,0.0,sqrt_area,level1_local_sphere_r0p35,59,-0.3311531513112876,-0.0761975662947467,3.916145833333333,-0.9461518608893932,-0.217707332270705,-0.2395833333333332,0.0160352125026979,0.007989726210335238,0.00574166353173694,-0.02725073843584299,0.004787426697272338,-0.015322597873915225,-0.00546347657695323,-0.0035058800591914047,0.007724107232166551,0.034625268723063415
L1_halfwave_dipole_z_1p2G,1200000000.0,full_grid_162,huygens_em_minus,0.01,0.0,sqrt_area,level1_local_sphere_r0p35,60,0.2940145771073286,-0.1665769057053555,3.9088541666666665,0.840041648878082,-0.4759340163010159,-0.2604166666666667,0.0160352125026979,-0.002559741204125221,-0.0015320939310164983,-0.035608784115679804,-0.0006179397637038984,-0.02717148521844579,-0.0037774727933407026,-0.0019390757142790128,0.00646050171204432,0.04555572356215948
L1_halfwave_dipole_z_1p2G,1200000000.0,full_grid_162,huygens_em_minus,0.01,0.0,sqrt_area,level1_local_sphere_r0p35,61,-0.1036430267081908,0.3194811130701081,3.9015625,-0.2961229334519739,0.912803180200309,-0.28125,0.0160352125026979,0.0014933225924669488,0.008984262316580269,-0.024954412376958335,-4.190775606482955e-05,-0.03330240665833904,-0.0013419429132739483,0.002660571681414172,-0.00951293797478028,0.04375039617742263
L1_halfwave_dipole_z_1p2G,1200000000.0,full_grid_162,huygens_em_minus,0.01,0.0,sqrt_area,level1_local_sphere_r0p35,62,-0.1384604981054998,-0.303562240373122,3.8942708333333336,-0.3956014231585709,-0.8673206867803487,-0.3020833333333332,0.0160352125026979,-0.0015606432703173106,-8.636066250916966e-05,-0.012167093658045618,0.0052267314875561535,-0.03554046532714131,0.0006844331769081252,0.0027963614623390705,0.00019654768985097326,0.038069033985297124
L1_halfwave_dipole_z_1p2G,1200000000.0,full_grid_162,huygens_em_minus,0.01,0.0,sqrt_area,level1_local_sphere_r0p35,63,0.3049413936933397,0.1293717034169468,3.8869791666666655,0.8712611248381136,0.3696334383341337,-0.3229166666666667,0.0160352125026979,0.004200548442131483,0.0010724633921083415,-0.012633659673214816,0.005611152808151219,-0.040148664757146346,-0.0025283750708469353,-0.004163265579982173,0.0002056900318073568,0.0429601237018284
L1_halfwave_dipole_z_1p2G,1200000000.0,full_grid_162,huygens_em_minus,0.01,0.0,sqrt_area,level1_local_sphere_r0p35,64,-0.3098133794420328,0.1097295414300861,3.8796875,-0.8851810841200938,0.3135129755145318,-0.34375,0.0160352125026979,0.005175035850073187,0.002258218610840801,-0.008967579586923128,0.014917528322020894,-0.04435329855467192,0.005506235328875155,-0.0072899719737008345,0.0022745847915514403,0.04889459918802998
L1_halfwave_dipole_z_1p2G,1200000000.0,full_grid_162,huygens_em_minus,0.01,0.0,sqrt_area,level1_local_sphere_r0p35,65,0.1530287880701711,-0.2877487909115869,3.8723958333333335,0.4372251087719175,-0.8221394026045342,-0.3645833333333332,0.0160352125026979,-0.006550932338305948,-0.01326123745120877,-0.013278101555919776,0.014338572034546674,-0.05118407292326722,0.0024325407908865285,-0.0040400455868440655,0.011650100188601048,0.05812444529300466
L1_halfwave_dipole_z_1p2G,1200000000.0,full_grid_162,huygens_em_minus,0.01,0.0,sqrt_area,level1_local_sphere_r0p35,66,0.0807948878943208,0.3126904223660355,3.865104166666667,0.2308425368409166,0.8934012067601015,-0.3854166666666667,0.0160352125026979,-0.00766468866952923,-0.002820865118161795,-0.006812251772696109,0.01983412722762191,-0.054912582292717546,-0.007432771629141174,-0.00115938459795243,-0.000555510625088379,0.05982302786016237
L1_halfwave_dipole_z_1p2G,1200000000.0,full_grid_162,huygens_em_minus,0.01,0.0,sqrt_area,level1_local_sphere_r0p35,67,-0.2681594442723184,-0.1742791648227388,3.8578125,-0.7661698407780526,-0.4979404709221109,-0.40625,0.0160352125026979,-0.0017508891640471182,-0.004672542560005363,0.0010435149369288216,0.028100806951323755,-0.05785857383484895,-0.0030657289413000242,-0.00646383768347631,0.0013251537301963226,0.06493221874947885
L1_halfwave_dipole_z_1p2G,1200000000.0,full_grid_162,huygens_em_minus,0.01,0.0,sqrt_area,level1_local_sphere_r0p35,68,0.3121594875883889,-0.0520810238109174,3.850520833333333,0.8918842502525398,-0.1488029251740499,-0.4270833333333332,0.0160352125026979,0.0018702372193917932,-0.004211370893268049,0.0005636640817575605,0.022670865372824967,-0.05597193739194425,-0.015892508044323524,-0.001738899994831955,-0.0005796016833712701,0.0626443020925071
L1_halfwave_dipole_z_1p2G,1200000000.0,full_grid_162,huygens_em_minus,0.01,0.0,sqrt_area,level1_local_sphere_r0p35,69,-0.1928103952966267,0.2464691812002684,3.8432291666666663,-0.5508868437046478,0.7041976605721955,-0.4479166666666667,0.0160352125026979,-0.0003769060315896161,0.00850700102198756,0.0012767053957713909,0.03173928161016483,-0.06181030636406487,-0.015025657000437564,0.006849720212639111,-0.005135963260629799,0.07211868152609292
L1_halfwave_dipole_z_1p2G,1200000000.0,full_grid_162,huygens_em_minus,0.01,0.0,sqrt_area,level1_local_sphere_r0p35,70,-0.0240229506746311,-0.3082310723055581,3.8359375,-0.0686370019275175,-0.880660206587309,-0.46875,0.0160352125026979,-0.0023464722896526027,-0.0036936664127847837,0.00019058805675078658,0.03796404828602526,-0.0586485353021702,-0.01545762309638471,0.00010222111205308859,0.007559218951170725,0.0720846407706479
L1_halfwave_dipole_z_1p2G,1200000000.0,full_grid_162,huygens_em_minus,0.01,0.0,sqrt_area,level1_local_sphere_r0p35,71,0.2230117643943747,0.2083350726778382,3.828645833333333,0.6371764696982135,0.5952430647938235,-0.4895833333333332,0.0160352125026979,-0.003149946076092598,0.0017347063660060544,-0.0005919795764153784,0.033379771711543556,-0.04157264709673353,-0.028076012586914566,-0.0018653587054873232,0.000669113028592204,0.060398391622190656
L1_halfwave_dipole_z_1p2G,1200000000.0,full_grid_162,huygens_em_minus,0.01,0.0,sqrt_area,level1_local_sphere_r0p35,72,-0.3009602026121686,-0.0029364393883193,3.8213541666666666,-0.8598862931776247,-0.0083898268237696,-0.5104166666666667,0.0160352125026979,-0.0025856510773765926,-0.0010203230518205653,-0.00943022135147862,0.0321815772515978,-0.04390134607904306,-0.027248561986141402,-0.007738476649847111,-0.0026603506026982443,0.06220195691307839
L1_halfwave_dipole_z_1p2G,1200000000.0,full_grid_162,huygens_em_minus,0.01,0.0,sqrt_area,level1_local_sphere_r0p35,73,0.2205923260361436,-0.1981571895938012,3.8140625,0.6302637886746961,-0.5661633988394322,-0.53125,0.0160352125026979,0.006035056109690011,-0.009402436342404591,-0.008551983090317773,0.023409769544209855,-0.026655181453375927,-0.0430114908215003,-0.006583915857772828,0.0024804127362538023,0.05793072477256759
L1_halfwave_dipole_z_1p2G,1200000000.0,full_grid_162,huygens_em_minus,0.01,0.0,sqrt_area,level1_local_sphere_r0p35,74,-0.0283481783018998,0.2904459845414793,3.806770833333333,-0.0809947951482853,0.8298456701185125,-0.5520833333333333,0.0160352125026979,-0.004769263696049325,0.00021849078943015493,-0.007821677991408631,0.03061631415066932,-0.01835735813461599,-0.051049427273034714,0.008174136074054959,-0.0035388890279769263,0.06359015499193404
L1_halfwave_dipole_z_1p2G,1200000000.0,full_grid_162,huygens_em_minus,0.01,0.0,sqrt_area,level1_local_sphere_r0p35,75,-0.1723102531095314,-0.2293481459978143,3.7994791666666665,-0.4923150088843754,-0.6552804171366124,-0.5729166666666667,0.0160352125026979,0.0008120568308891685,0.0009953836760263311,-0.013015115151715485,0.036240581399889185,-0.01823772279528668,-0.050760288780712065,0.0035192467149264828,-0.0036167677667967996,0.0664763923806938
L1_halfwave_dipole_z_1p2G,1200000000.0,full_grid_162,huygens_em_minus,0.01,0.0,sqrt_area,level1_local_sphere_r0p35,76,0.2768304549475514,0.0517577439353933,3.7921875,0.7909441569930039,0.147879268386838,-0.59375,0.0160352125026979,0.004183840842181812,0.008926155491398038,-0.011665258765297302,0.018178160485518135,0.0064799706418210215,-0.0626855124667579,0.006516295993279502,-0.005365259679365547,0.06787058401388558
L1_halfwave_dipole_z_1p2G,1200000000.0,full_grid_162,huygens_em_minus,0.01,0.0,sqrt_area,level1_local_sphere_r0p35,77,-0.2343940050228243,0.1459097251453758,3.7848958333333336,-0.6696971572080695,0.4168849289867882,-0.6145833333333333,0.0160352125026979,-0.00648963513949281,0.007249784141004412,-0.024068742077211807,0.012543678995551654,-0.0022900392185670644,-0.06398330735680344,0.00975513530962446,-0.005004774614122166,0.07106786401773085
L1_halfwave_dipole_z_1p2G,1200000000.0,full_grid_162,huygens_em_minus,0.01,0.0,sqrt_area,level1_local_sphere_r0p35,78,0.072703507217063,-0.260296548871303,3.7776041666666655,0.2077243063344659,-0.7437044253465802,-0.6354166666666667,0.0160352125026979,0.007419125610439101,0.0005437554802866507,-0.02055868829039123,0.010001658150710014,0.013090042086130745,-0.06684702812123021,-0.007025362897405608,0.0032096852343328416,0.07264684506867386
L1_halfwave_dipole_z_1p2G,1200000000.0,full_grid_162,huygens_em_minus,0.01,0.0,sqrt_area,level1_local_sphere_r0p35,79,0.1194286693064785,0.235542873573865,3.7703125,0.3412247694470816,0.6729796387824717,-0.65625,0.0160352125026979,-0.0011977313290905296,-0.0036306968780204438,-0.01603544756871257,0.0083545880744759,0.040977730823565234,-0.06592842304468183,0.00438112441067641,0.0007699989744611342,0.07991914525887683
L1_halfwave_dipole_z_1p2G,1200000000.0,full_grid_162,huygens_em_minus,0.01,0.0,sqrt_area,level1_local_sphere_r0p35,80,-0.2410648280143351,-0.0907117592178174,3.7630208333333335,-0.6887566514695289,-0.2591764549080497,-0.6770833333333333,0.0160352125026979,0.0033695040886372145,-0.0017478335007269363,-0.02766502069607873,0.00272228820135427,0.04131351763760041,-0.0639947366273888,0.002059800111328818,-0.0035149563010911794,0.08127670916574867
L1_halfwave_dipole_z_1p2G,1200000000.0,full_grid_162,huygens_em_minus,0.01,0.0,sqrt_area,level1_local_sphere_r0p35,81,0.2326209959207287,-0.0933768292430577,3.755729166666667,0.664631416916368,-0.2667909406944506,-0.6979166666666667,0.0160352125026979,0.010251745074450584,0.004168129810633442,-0.02348823606072612,-0.015985810429132677,0.06719002609044024,-0.06472845726880615,-0.007571857346046684,0.0028314686372316843,0.09848521704426805
L1_halfwave_dipole_z_1p2G,1200000000.0,full_grid_162,huygens_em_minus,0.01,0.0,sqrt_area,level1_local_sphere_r0p35,82,-0.1052858441746823,0.2193882394527438,3.7484375,-0.3008166976419496,0.626823541293554,-0.71875,0.0160352125026979,-0.010002086547665871,-0.008958905568741557,-0.034114471250758734,-0.02652171588757571,0.06771683105948176,-0.05982383854605597,0.0033873079274285706,0.008681628397562067,0.10148304134380433
L1_halfwave_dipole_z_1p2G,1200000000.0,full_grid_162,huygens_em_minus,0.01,0.0,sqrt_area,level1_local_sphere_r0p35,83,-0.0683067632352081,-0.2254522266371188,3.741145833333333,-0.1951621806720231,-0.6441492189631967,-0.7395833333333333,0.0160352125026979,0.0007676730351185452,-0.006391378326848773,-0.0410352894977986,-0.027874853642072657,0.06271651118082149,-0.05256136458926431,-0.00923595849288935,0.0026565368042920368,0.09638858556797832
L1_halfwave_dipole_z_1p2G,1200000000.0,full_grid_162,huygens_em_minus,0.01,0.0,sqrt_area,level1_local_sphere_r0p35,84,0.1955432989081127,0.1158844840840999,3.7338541666666663,0.558695139737465,0.3310985259545713,-0.7604166666666667,0.0160352125026979,-0.005041620106985174,-0.0006906634057078226,-0.030380292528541252,-0.03421400561362109,0.0647009029222828,-0.035517784035728375,-0.003233342823458052,0.0028876578963140595,0.0870974637931509
L1_halfwave_dipole_z_1p2G,1200000000.0,full_grid_162,huygens_em_minus,0.01,0.0,sqrt_area,level1_local_sphere_r0p35,85,-0.2138281281943264,0.0448270586438671,3.7265625,-0.6109375091266469,0.128077310411049,-0.78125,0.0160352125026979,-0.0063162044959666624,-3.7557622107990685e-05,-0.03248697787170633,-0.037547497332937246,0.036150615474627945,-0.030245003152692136,0.005998402885014888,-0.003050661670576306,0.06907987207366238
L1_halfwave_dipole_z_1p2G,1200000000.0,full_grid_162,huygens_em_minus,0.01,0.0,sqrt_area,level1_local_sphere_r0p35,86,0.1218785739837586,-0.1698138633513894,3.719270833333333,0.3482244970964532,-0.4851824667182557,-0.8020833333333333,0.0160352125026979,0.0030386722058409893,0.0038215072114378273,-0.02435238715545491,-0.030828511772554718,0.03237580774219742,-0.019641723351916947,-0.007358945942032123,-0.007179083201150703,0.05574008332072259
L1_halfwave_dipole_z_1p2G,1200000000.0,full_grid_162,huygens_em_minus,0.01,0.0,sqrt_area,level1_local_sphere_r0p35,87,0.0236299533301218,0.1974477775807782,3.7119791666666666,0.0675141523717766,0.5641365073736521,-0.8229166666666667,0.0160352125026979,-0.0034649542183449768,-0.006691516135035207,-0.029190542044708015,-0.025771992798632917,0.018317002534363025,-0.00873026420442563,0.008928756437129056,0.005211761477670846,0.04573489802911953
L1_halfwave_dipole_z_1p2G,1200000000.0,full_grid_162,huygens_em_minus,0.01,0.0,sqrt_area,level1_local_sphere_r0p35,88,-0.1424572321438244,-0.1224600520727902,3.7046875,-0.4070206632680699,-0.349885863065115,-0.84375,0.0160352125026979,0.0037004798146301685,0.007930237654605765,-0.04154508327540299,-0.027089414111165257,-0.011771099292401686,-0.0052214287203639215,0.006931745971205959,0.001827326499515669,0.05247497348395675
L1_halfwave_dipole_z_1p2G,1200000000.0,full_grid_162,huygens_em_minus,0.01,0.0,sqrt_area,level1_local_sphere_r0p35,89,0.175783660057011,-0.0055518621140498,3.697395833333333,0.5022390287343172,-0.0158624631829996,-0.8645833333333333,0.0160352125026979,-0.002345122145011133,0.004999521197118287,-0.02806238887159602,-0.01579095874853865,-0.03890236011495214,0.017211628253004593,0.000749362034511529,0.0002112315549755231,0.05364314298506205
L1_halfwave_dipole_z_1p2G,1200000000.0,full_grid_162,huygens_em_minus,0.01,0.0,sqrt_area,level1_local_sphere_r0p35,90,-0.1164259821423588,0.1136202586021788,3.6901041666666665,-0.3326456632638824,0.3246293102919397,-0.8854166666666667,0.0160352125026979,0.0007657819160862347,-0.0036908998692996714,-0.036888914411633514,-0.012207057847621747,-0.06813473802559364,0.006296234466122645,-0.0021766551998209996,0.009175741885271253,0.07934059864170992
L1_halfwave_dipole_z_1p2G,1200000000.0,full_grid_162,huygens_em_minus,0.01,0.0,sqrt_area,level1_local_sphere_r0p35,91,0.008276169239723,-0.1477281112939086,3.6828125,0.0236461978277801,-0.4220803179825961,-0.90625,0.0160352125026979,0.05477647919388388,0.01567634749260302,0.0077507340001551905,-0.0015822035284076136,0.005808622987062964,0.009825855815532289,-0.0890481084276685,0.007111731017080548,0.10686073958780128
L1_halfwave_dipole_z_1p2G,1200000000.0,full_grid_162,huygens_em_minus,0.01,0.0,sqrt_area,level1_local_sphere_r0p35,92,0.0830738322231834,0.1015480615229061,3.6755208333333336,0.2373538063519528,0.2901373186368747,-0.9270833333333331,0.0160352125026979,-0.04468255742111257,-0.01178621996497372,-0.03715325012199838,-0.003239575839767389,-0.0640797016372933,0.010721376525167477,0.08436290877604734,-0.016772437289641937,0.12306858198302581
L1_halfwave_dipole_z_1p2G,1200000000.0,full_grid_162,huygens_em_minus,0.01,0.0,sqrt_area,level1_local_sphere_r0p35,93,-0.1103355621734543,-0.0159429567261953,3.6682291666666655,-0.3152444633527267,-0.0455513049319866,-0.9479166666666669,0.0160352125026979,0.015427259165589798,0.00691817654820448,0.06268456973962346,0.03411724077768562,0.10089121459312328,-0.0015858704167033381,-0.024310950362368473,-0.0011327435186618412,0.12709469098390197
L1_halfwave_dipole_z_1p2G,1200000000.0,full_grid_162,huygens_em_minus,0.01,0.0,sqrt_area,level1_local_sphere_r0p35,94,0.0717421143958777,-0.0488844567910781,3.6609375,0.2049774697025079,-0.1396698765459376,-0.96875,0.0160352125026979,0.03465827295488561,0.02772589079052718,-0.04797275611134506,-0.031187034389577126,-0.06792767752825436,0.01208408951730158,-0.04686284061002549,-0.0018448859082526407,0.11047018319518916
L1_halfwave_dipole_z_1p2G,1200000000.0,full_grid_162,huygens_em_minus,0.01,0.0,sqrt_area,level1_local_sphere_r0p35,95,-0.0115379592595064,0.0490475965646113,3.6536458333333335,-0.0329655978843041,0.140135990184604,-0.9895833333333331,0.0160352125026979,-0.04165091526638117,-0.048205543160161964,0.007034031401693855,0.01727510660594832,0.006471901395244034,0.006092624368676736,0.03984340911772077,-0.007614501412703319,0.07830046935462193
